{
  "data": [
    {
      "AccountFile_ID": 11,
      "Market_Vertical_Name": "Finance",
      "Market_Vertical_Detail": " Non-depository Credit Institutions",
      "Country_Name": "United States",
      "Company_Name": "CLP Power Hong Kong Limited",
      "TotalFleetUtilization": 0.34073488977786409,
      "MonoPrinterUtilization": 0.0,
      "ColorPrinterUtilization": 0.0,
      "MonoMFPUtilization": 0.30703336572724294,
      "ColorMFPUtilization": 0.34523479429238796,
      "UnderUtilizedDevices": 0.71669426791378021,
      "In-RangeUtilizedDevices": 0.26548080125315909,
      "OverUtilizedDevices": 0.017824930833060908,
      "TotalFleetDeviceCount": 0.0,
      "HPDeviceCount": 408.42857142857093,
      "3rdPartyDeviceCount": 0.0,
      "TotalReportingNetworkDevices": 392.0,
      "TotalNon-ReportingNetworkDevices": 16.428571428571395,
      "TotalNon-NetworkDevices": 0.0,
      "TotalNon-InvoicedDevices": 1.1428571428571401,
      "TotalInvoicedMonoPrinters": 0.0,
      "TotalInvoicedColorPrinters": 0.0,
      "TotalInvoicedMonoMFPs": null,
      "TotalInvoicedColorMFPs": 336.428571428571,
      "TargetFleetPages": 3741035.7142857094,
      "TotalFleetPages": 1274738.4285714296,
      "TotalMonoPages": 868434.71428571409,
      "MonoPagesOnMonoDevices": 135401.71428571403,
      "MonoPagesOnColorDevices": 733033.0,
      "ColorPages": 406303.71428571391,
      "DuplexSheets": 317897.28571428603,
      "11X17Pages": 44017.714285714312,
      "PagesOnMonoPrinters": null,
      "PagesOnColorPrinters": null,
      "PagesOnMonoMFPs": 135401.71428571403,
      "PagesOnColorMFPs": 1139336.7142857094,
      "PagesInPrintMode": 1089173.4285714296,
      "PagesInCopyMode": 180789.57142857095,
      "FaxReceivedPages": 4775.42857142857,
      "DigitalScans": 463644.14285714296,
      "OriginalBaseline": 0.0,
      "BlendedCostPerPage": 21.08536003928263,
      "MonoCostPerPage": 12.616893824225826,
      "ColorCostPerPage": 39.297559754581123,
      "BaseCharge": 11694399.1371,
      "MonoClickCharge": 3.4044999999999992,
      "MoOnMoClickCharge": 3.4044999999999992,
      "MoOnCoClickCharge": 3.4044999999999992,
      "ColorClickCharge": 29.959600000000009,
      "ColorProClickCharge": null,
      "TargetRevenue": 46339752.1689,
      "ActualRevenue": 26823681.8804,
      "TargetRevenueRealized": null,
      "SLA_Met_All": null,
      "SLA_Met_HPCE": null,
      "SLA_Met_Partners": null,
      "CalltoOnsiteHours": null,
      "CalltoRepairHours": null,
      "TotalServiceCallCount": null,
      "ScheduledCallCount": null,
      "ProActiveCallPMCount": null,
      "ProActiveCallOtherCount": null,
      "FleetUptime": null,
      "ServiceFrequencyIndex": null,
      "1stTripCompletion": null,
      "RerepairedIn30Days": null,
      "BlackTonerUsed": 0.0,
      "CyanTonerUsed": 0.0,
      "MagentaTonerUsed": 0.0,
      "YellowTonerUsed": 0.0,
      "MicrTonerUsed": 0.0,
      "BlackTonerWaisted": null,
      "CyanTonerWaisted": null,
      "MagentaTonerWaisted": null,
      "YellowTonerWaisted": null,
      "MicrTonerWaisted": null,
      "BlackTonerOrdered": 0.0,
      "CyanTonerOrdered": 0.0,
      "MagentaTonerOrdered": 0.0,
      "YellowTonerOrdered": 0.0,
      "MicrTonerOrdered": 0.0,
      "FleetPowerConsumption": null,
      "DaysOfOperation": null,
      "DailyHrsOfOperation": null
    }
  ]
}