[
  {
    "RptsRow": 9,
    "Area": "Switzerland",
    "Site": "Aarau",
    "Building": "n/a",
    "Level": 2,
    "Grid": 203,
    "BusinessUnit": "",
    "DeviceDescription": "Canon Color IRA C5250i MFD",
    "SerialNumber": "JMN09487"
  },
  {
    "RptsRow": 10,
    "Area": "Switzerland",
    "Site": "Aarau",
    "Building": "n/a",
    "Level": 2,
    "Grid": 211,
    "BusinessUnit": "",
    "DeviceDescription": "Canon Color IRA C5250i MFD",
    "SerialNumber": "JMN09619"
  },
  {
    "RptsRow": 11,
    "Area": "Switzerland",
    "Site": "Aarau",
    "Building": "n/a",
    "Level": 2,
    "Grid": 206,
    "BusinessUnit": "",
    "DeviceDescription": "HP Color LaserJet Enterprise CP4525dn",
    "SerialNumber": "JPDTF880G7"
  },
  {
    "RptsRow": 12,
    "Area": "Switzerland",
    "Site": "Basel",
    "Building": "n/a",
    "Level": 3,
    "Grid": 3115,
    "BusinessUnit": "",
    "DeviceDescription": "Canon Color IRA C5250i MFD",
    "SerialNumber": "JMN09519"
  },
  {
    "RptsRow": 13,
    "Area": "Switzerland",
    "Site": "Basel",
    "Building": "n/a",
    "Level": 3,
    "Grid": 3315,
    "BusinessUnit": "",
    "DeviceDescription": "Canon Color IRA C5250i MFD",
    "SerialNumber": "JMN09520"
  },
  {
    "RptsRow": 14,
    "Area": "Switzerland",
    "Site": "Basel",
    "Building": "n/a",
    "Level": 1,
    "Grid": 1305,
    "BusinessUnit": "",
    "DeviceDescription": "Canon Color IRA C5250i MFD",
    "SerialNumber": "JMN09523"
  },
  {
    "RptsRow": 15,
    "Area": "Switzerland",
    "Site": "Basel",
    "Building": "n/a",
    "Level": 3,
    "Grid": 3207,
    "BusinessUnit": "",
    "DeviceDescription": "Canon Color IRA C5250i MFD",
    "SerialNumber": "JMN09526"
  },
  {
    "RptsRow": 16,
    "Area": "Switzerland",
    "Site": "Basel",
    "Building": "n/a",
    "Level": 4,
    "Grid": 4210,
    "BusinessUnit": "",
    "DeviceDescription": "Canon Color IRA C5250i MFD",
    "SerialNumber": "JMN09530"
  },
  {
    "RptsRow": 17,
    "Area": "Switzerland",
    "Site": "Basel",
    "Building": "n/a",
    "Level": 4,
    "Grid": 4315,
    "BusinessUnit": "",
    "DeviceDescription": "Canon Color IRA C5250i MFD",
    "SerialNumber": "JMN09531"
  },
  {
    "RptsRow": 18,
    "Area": "Switzerland",
    "Site": "Basel",
    "Building": "n/a",
    "Level": 4,
    "Grid": 4101,
    "BusinessUnit": "",
    "DeviceDescription": "Canon Color IRA C5250i MFD",
    "SerialNumber": "JMN09533"
  },
  {
    "RptsRow": 19,
    "Area": "Switzerland",
    "Site": "Basel",
    "Building": "n/a",
    "Level": 5,
    "Grid": 5101,
    "BusinessUnit": "",
    "DeviceDescription": "Canon Color IRA C5250i MFD",
    "SerialNumber": "JMN09536"
  },
  {
    "RptsRow": 20,
    "Area": "Switzerland",
    "Site": "Basel",
    "Building": "n/a",
    "Level": 1,
    "Grid": 1313,
    "BusinessUnit": "",
    "DeviceDescription": "Canon Color IRA C5250i MFD",
    "SerialNumber": "JMN09537"
  },
  {
    "RptsRow": 21,
    "Area": "Switzerland",
    "Site": "Basel",
    "Building": "n/a",
    "Level": 1,
    "Grid": "01MEET",
    "BusinessUnit": "",
    "DeviceDescription": "HP LaserJet Enterprise P3015x",
    "SerialNumber": "VNCQF7Y05L"
  },
  {
    "RptsRow": 22,
    "Area": "Switzerland",
    "Site": "Basel",
    "Building": "n/a",
    "Level": 1,
    "Grid": 1310,
    "BusinessUnit": "",
    "DeviceDescription": "HP LaserJet Enterprise P3015x",
    "SerialNumber": "VNCQF7Y05M"
  },
  {
    "RptsRow": 23,
    "Area": "Switzerland",
    "Site": "Basel",
    "Building": "n/a",
    "Level": 1,
    "Grid": 1313,
    "BusinessUnit": "",
    "DeviceDescription": "HP LaserJet Enterprise P3015x",
    "SerialNumber": "VNCQF7Y05P"
  },
  {
    "RptsRow": 24,
    "Area": "Switzerland",
    "Site": "Basel",
    "Building": "n/a",
    "Level": 1,
    "Grid": 1320,
    "BusinessUnit": "",
    "DeviceDescription": "HP LaserJet Enterprise P3015x",
    "SerialNumber": "VNCQF7Y05R"
  },
  {
    "RptsRow": 25,
    "Area": "Switzerland",
    "Site": "Basel",
    "Building": "n/a",
    "Level": 3,
    "Grid": 3303,
    "BusinessUnit": "",
    "DeviceDescription": "HP LaserJet Enterprise P3015x",
    "SerialNumber": "VNCQF7Y05V"
  },
  {
    "RptsRow": 26,
    "Area": "Switzerland",
    "Site": "Basel",
    "Building": "n/a",
    "Level": 3,
    "Grid": 3312,
    "BusinessUnit": "",
    "DeviceDescription": "HP LaserJet Enterprise P3015x",
    "SerialNumber": "VNCQF7Y05Y"
  },
  {
    "RptsRow": 27,
    "Area": "Switzerland",
    "Site": "Basel",
    "Building": "n/a",
    "Level": 4,
    "Grid": 4117,
    "BusinessUnit": "",
    "DeviceDescription": "HP LaserJet Enterprise P3015x",
    "SerialNumber": "VNCQF7Y05Z"
  },
  {
    "RptsRow": 28,
    "Area": "Switzerland",
    "Site": "Basel",
    "Building": "n/a",
    "Level": 4,
    "Grid": 311,
    "BusinessUnit": "",
    "DeviceDescription": "HP LaserJet Enterprise P3015x",
    "SerialNumber": "VNCQF7Y060"
  },
  {
    "RptsRow": 29,
    "Area": "Switzerland",
    "Site": "Basel",
    "Building": "n/a",
    "Level": 4,
    "Grid": 4115,
    "BusinessUnit": "",
    "DeviceDescription": "HP LaserJet Enterprise P3015x",
    "SerialNumber": "VNCQF7Y061"
  },
  {
    "RptsRow": 30,
    "Area": "Switzerland",
    "Site": "Basel",
    "Building": "n/a",
    "Level": 4,
    "Grid": 4316,
    "BusinessUnit": "",
    "DeviceDescription": "HP LaserJet Enterprise P3015x",
    "SerialNumber": "VNCQF7Y064"
  },
  {
    "RptsRow": 31,
    "Area": "Switzerland",
    "Site": "Bern",
    "Building": "n/a",
    "Level": 2,
    "Grid": 262,
    "BusinessUnit": "",
    "DeviceDescription": "Canon Color IRA C5250i MFD",
    "SerialNumber": "JMN09721"
  },
  {
    "RptsRow": 32,
    "Area": "Switzerland",
    "Site": "Bern",
    "Building": "n/a",
    "Level": 2,
    "Grid": 257,
    "BusinessUnit": "",
    "DeviceDescription": "Canon Color IRA C5250i MFD",
    "SerialNumber": "JMN09722"
  },
  {
    "RptsRow": 33,
    "Area": "Switzerland",
    "Site": "Bern",
    "Building": "n/a",
    "Level": 4,
    "Grid": 115,
    "BusinessUnit": "",
    "DeviceDescription": "Canon Color IRA C5250i MFD",
    "SerialNumber": "JMN09723"
  },
  {
    "RptsRow": 34,
    "Area": "Switzerland",
    "Site": "Bern",
    "Building": "n/a",
    "Level": 4,
    "Grid": 4,
    "BusinessUnit": "",
    "DeviceDescription": "Canon Color IRA C5250i MFD",
    "SerialNumber": "JMN09724"
  },
  {
    "RptsRow": 35,
    "Area": "Switzerland",
    "Site": "Bern",
    "Building": "n/a",
    "Level": 5,
    "Grid": 324,
    "BusinessUnit": "",
    "DeviceDescription": "Canon Color IRA C5250i MFD",
    "SerialNumber": "JMN09764"
  },
  {
    "RptsRow": 36,
    "Area": "Switzerland",
    "Site": "Bern",
    "Building": "n/a",
    "Level": 2,
    "Grid": 221,
    "BusinessUnit": "",
    "DeviceDescription": "Canon Color IRA C5250i MFD",
    "SerialNumber": "JMN09767"
  },
  {
    "RptsRow": 37,
    "Area": "Switzerland",
    "Site": "Bern",
    "Building": "n/a",
    "Level": 3,
    "Grid": 309,
    "BusinessUnit": "",
    "DeviceDescription": "Canon Color IRA C5250i MFD",
    "SerialNumber": "JMN09768"
  },
  {
    "RptsRow": 38,
    "Area": "Switzerland",
    "Site": "Bern",
    "Building": "n/a",
    "Level": 2,
    "Grid": 209,
    "BusinessUnit": "",
    "DeviceDescription": "Canon Color IRA C5250i MFD",
    "SerialNumber": "JMN09769"
  },
  {
    "RptsRow": 39,
    "Area": "Switzerland",
    "Site": "Bern",
    "Building": "n/a",
    "Level": 6,
    "Grid": 610,
    "BusinessUnit": "",
    "DeviceDescription": "Canon Color IRA C5250i MFD",
    "SerialNumber": "JMN10011"
  },
  {
    "RptsRow": 40,
    "Area": "Switzerland",
    "Site": "Bern",
    "Building": "n/a",
    "Level": 4,
    "Grid": 419,
    "BusinessUnit": "",
    "DeviceDescription": "Canon Color IRA C5250i MFD",
    "SerialNumber": "JMN10013"
  },
  {
    "RptsRow": 41,
    "Area": "Switzerland",
    "Site": "Bern",
    "Building": "n/a",
    "Level": 5,
    "Grid": 524,
    "BusinessUnit": "",
    "DeviceDescription": "Canon Color IRA C5250i MFD",
    "SerialNumber": "JMN10015"
  },
  {
    "RptsRow": 42,
    "Area": "Switzerland",
    "Site": "Bern",
    "Building": "n/a",
    "Level": 5,
    "Grid": 459,
    "BusinessUnit": "",
    "DeviceDescription": "Canon Color IRA C5250i MFD",
    "SerialNumber": "JMN10016"
  },
  {
    "RptsRow": 43,
    "Area": "Switzerland",
    "Site": "Bern",
    "Building": "n/a",
    "Level": 5,
    "Grid": 505,
    "BusinessUnit": "",
    "DeviceDescription": "Canon Color IRA C5250i MFD",
    "SerialNumber": "JMN10019"
  },
  {
    "RptsRow": 44,
    "Area": "Switzerland",
    "Site": "Bern",
    "Building": "n/a",
    "Level": 2,
    "Grid": 223,
    "BusinessUnit": "",
    "DeviceDescription": "HP LaserJet Enterprise P3015x",
    "SerialNumber": "VNCQF7X13Z"
  } 
]