[
  {
    "Duplex": 636,
    "A3Usage11x7": 0,
    "CopyUsage": 496,
    "TotalScanUsage": "1,157",
    "DigitalSendUsage": 0,
    "FaxesReceived": 0,
    "HighestMonth": "Jun-16",
    "HighestMonthCount": "10,388",
    "LowestMonth": "Mar-16",
    "LowestMonthCount": 661
  },
  {
    "Duplex": "1,428",
    "A3Usage11x7": 0,
    "CopyUsage": 536,
    "TotalScanUsage": "1,020",
    "DigitalSendUsage": 0,
    "FaxesReceived": 0,
    "HighestMonth": "Aug-16",
    "HighestMonthCount": "11,222",
    "LowestMonth": "Dec-16",
    "LowestMonthCount": "4,599"
  },
  {
    "Duplex": 798,
    "A3Usage11x7": 0,
    "CopyUsage": 87,
    "TotalScanUsage": 110,
    "DigitalSendUsage": 0,
    "FaxesReceived": 0,
    "HighestMonth": "Jan-16",
    "HighestMonthCount": "10,859",
    "LowestMonth": "Sep-16",
    "LowestMonthCount": 655
  },
  {
    "Duplex": "1,334",
    "A3Usage11x7": 0,
    "CopyUsage": 280,
    "TotalScanUsage": 597,
    "DigitalSendUsage": 0,
    "FaxesReceived": 0,
    "HighestMonth": "Sep-16",
    "HighestMonthCount": "8,926",
    "LowestMonth": "Mar-16",
    "LowestMonthCount": 33
  },
  {
    "Duplex": "2,239",
    "A3Usage11x7": 0,
    "CopyUsage": "2,042",
    "TotalScanUsage": "1,979",
    "DigitalSendUsage": 0,
    "FaxesReceived": 0,
    "HighestMonth": "Apr-16",
    "HighestMonthCount": "28,844",
    "LowestMonth": "Jan-16",
    "LowestMonthCount": "1,686"
  },
  {
    "Duplex": "1,111",
    "A3Usage11x7": 0,
    "CopyUsage": 548,
    "TotalScanUsage": 510,
    "DigitalSendUsage": 0,
    "FaxesReceived": 0,
    "HighestMonth": "Apr-16",
    "HighestMonthCount": "14,678",
    "LowestMonth": "Jul-16",
    "LowestMonthCount": "1,601"
  },
  {
    "Duplex": "1,098",
    "A3Usage11x7": 0,
    "CopyUsage": 175,
    "TotalScanUsage": 466,
    "DigitalSendUsage": 0,
    "FaxesReceived": 0,
    "HighestMonth": "May-16",
    "HighestMonthCount": "11,136",
    "LowestMonth": "Feb-16",
    "LowestMonthCount": 88
  },
  {
    "Duplex": 926,
    "A3Usage11x7": 0,
    "CopyUsage": "1,331",
    "TotalScanUsage": "2,016",
    "DigitalSendUsage": 0,
    "FaxesReceived": 0,
    "HighestMonth": "Apr-16",
    "HighestMonthCount": "18,668",
    "LowestMonth": "Dec-16",
    "LowestMonthCount": "4,410"
  },
  {
    "Duplex": 796,
    "A3Usage11x7": 0,
    "CopyUsage": 881,
    "TotalScanUsage": "1,304",
    "DigitalSendUsage": 0,
    "FaxesReceived": 0,
    "HighestMonth": "Jun-16",
    "HighestMonthCount": "10,746",
    "LowestMonth": "Jan-16",
    "LowestMonthCount": 598
  },
  {
    "Duplex": "1,476",
    "A3Usage11x7": 0,
    "CopyUsage": "3,224",
    "TotalScanUsage": "5,480",
    "DigitalSendUsage": 0,
    "FaxesReceived": 0,
    "HighestMonth": "Nov-16",
    "HighestMonthCount": "21,120",
    "LowestMonth": "Feb-16",
    "LowestMonthCount": 795
  },
  {
    "Duplex": "1,748",
    "A3Usage11x7": 0,
    "CopyUsage": 286,
    "TotalScanUsage": 602,
    "DigitalSendUsage": 0,
    "FaxesReceived": 0,
    "HighestMonth": "Nov-16",
    "HighestMonthCount": "10,620",
    "LowestMonth": "Feb-16",
    "LowestMonthCount": 411
  },
  {
    "Duplex": "3,143",
    "A3Usage11x7": 0,
    "CopyUsage": "1,140",
    "TotalScanUsage": "1,617",
    "DigitalSendUsage": 0,
    "FaxesReceived": 0,
    "HighestMonth": "Apr-16",
    "HighestMonthCount": "18,177",
    "LowestMonth": "Jan-16",
    "LowestMonthCount": "1,036"
  },
  {
    "Duplex": 81,
    "A3Usage11x7": 0,
    "CopyUsage": 0,
    "TotalScanUsage": 0,
    "DigitalSendUsage": 0,
    "FaxesReceived": 0,
    "HighestMonth": "Mar-16",
    "HighestMonthCount": 774,
    "LowestMonth": "Jul-16",
    "LowestMonthCount": 19
  },
  {
    "Duplex": 66,
    "A3Usage11x7": 0,
    "CopyUsage": 0,
    "TotalScanUsage": 0,
    "DigitalSendUsage": 0,
    "FaxesReceived": 0,
    "HighestMonth": "Feb-16",
    "HighestMonthCount": 756,
    "LowestMonth": "Jul-16",
    "LowestMonthCount": 4
  },
  {
    "Duplex": 48,
    "A3Usage11x7": 0,
    "CopyUsage": 0,
    "TotalScanUsage": 0,
    "DigitalSendUsage": 0,
    "FaxesReceived": 0,
    "HighestMonth": "Mar-16",
    "HighestMonthCount": "4,186",
    "LowestMonth": "Oct-16",
    "LowestMonthCount": 3
  },
  {
    "Duplex": 672,
    "A3Usage11x7": 0,
    "CopyUsage": 553,
    "TotalScanUsage": "1,042",
    "DigitalSendUsage": 0,
    "FaxesReceived": 0,
    "HighestMonth": "Mar-16",
    "HighestMonthCount": "16,746",
    "LowestMonth": "Jul-16",
    "LowestMonthCount": 24
  },
  {
    "Duplex": 491,
    "A3Usage11x7": 0,
    "CopyUsage": 177,
    "TotalScanUsage": 557,
    "DigitalSendUsage": 0,
    "FaxesReceived": 0,
    "HighestMonth": "Mar-16",
    "HighestMonthCount": "6,451",
    "LowestMonth": "Oct-16",
    "LowestMonthCount": 472
  },
  {
    "Duplex": 607,
    "A3Usage11x7": 0,
    "CopyUsage": 271,
    "TotalScanUsage": 584,
    "DigitalSendUsage": 0,
    "FaxesReceived": 0,
    "HighestMonth": "Feb-16",
    "HighestMonthCount": "10,018",
    "LowestMonth": "Aug-16",
    "LowestMonthCount": 243
  },
  {
    "Duplex": 183,
    "A3Usage11x7": 0,
    "CopyUsage": 0,
    "TotalScanUsage": 0,
    "DigitalSendUsage": 0,
    "FaxesReceived": 0,
    "HighestMonth": "Jun-16",
    "HighestMonthCount": 756,
    "LowestMonth": "Aug-16",
    "LowestMonthCount": 194
  },
  {
    "Duplex": "2,909",
    "A3Usage11x7": 0,
    "CopyUsage": 529,
    "TotalScanUsage": "1,004",
    "DigitalSendUsage": 0,
    "FaxesReceived": 0,
    "HighestMonth": "Jan-16",
    "HighestMonthCount": "31,218",
    "LowestMonth": "Oct-16",
    "LowestMonthCount": 3
  },
  {
    "Duplex": "2,398",
    "A3Usage11x7": 0,
    "CopyUsage": 674,
    "TotalScanUsage": "1,326",
    "DigitalSendUsage": 0,
    "FaxesReceived": 0,
    "HighestMonth": "Feb-16",
    "HighestMonthCount": "25,258",
    "LowestMonth": "Dec-16",
    "LowestMonthCount": "2,535"
  },
  {
    "Duplex": 614,
    "A3Usage11x7": 0,
    "CopyUsage": 54,
    "TotalScanUsage": 159,
    "DigitalSendUsage": 0,
    "FaxesReceived": 0,
    "HighestMonth": "Feb-16",
    "HighestMonthCount": "5,833",
    "LowestMonth": "Nov-16",
    "LowestMonthCount": 4
  },
  {
    "Duplex": "1,127",
    "A3Usage11x7": 0,
    "CopyUsage": 630,
    "TotalScanUsage": 661,
    "DigitalSendUsage": 0,
    "FaxesReceived": 0,
    "HighestMonth": "Jun-16",
    "HighestMonthCount": "10,305",
    "LowestMonth": "Nov-16",
    "LowestMonthCount": 3
  },
  {
    "Duplex": "1,622",
    "A3Usage11x7": 0,
    "CopyUsage": "2,523",
    "TotalScanUsage": "2,534",
    "DigitalSendUsage": 0,
    "FaxesReceived": 0,
    "HighestMonth": "Jun-16",
    "HighestMonthCount": "15,310",
    "LowestMonth": "Jan-16",
    "LowestMonthCount": 622
  },
  {
    "Duplex": "1,687",
    "A3Usage11x7": 0,
    "CopyUsage": 797,
    "TotalScanUsage": "1,983",
    "DigitalSendUsage": 0,
    "FaxesReceived": 0,
    "HighestMonth": "Nov-16",
    "HighestMonthCount": "48,783",
    "LowestMonth": "May-16",
    "LowestMonthCount": 571
  },
  {
    "Duplex": "2,269",
    "A3Usage11x7": 0,
    "CopyUsage": "1,159",
    "TotalScanUsage": "1,613",
    "DigitalSendUsage": 0,
    "FaxesReceived": 0,
    "HighestMonth": "Nov-16",
    "HighestMonthCount": "53,565",
    "LowestMonth": "Jan-16",
    "LowestMonthCount": 142
  },
  {
    "Duplex": "1,153",
    "A3Usage11x7": 0,
    "CopyUsage": 316,
    "TotalScanUsage": 646,
    "DigitalSendUsage": 0,
    "FaxesReceived": 0,
    "HighestMonth": "Nov-16",
    "HighestMonthCount": "21,619",
    "LowestMonth": "Mar-16",
    "LowestMonthCount": 147
  },
  {
    "Duplex": "2,597",
    "A3Usage11x7": 0,
    "CopyUsage": 538,
    "TotalScanUsage": "1,050",
    "DigitalSendUsage": 0,
    "FaxesReceived": 0,
    "HighestMonth": "May-16",
    "HighestMonthCount": "21,915",
    "LowestMonth": "Feb-16",
    "LowestMonthCount": "2,080"
  },
  {
    "Duplex": 239,
    "A3Usage11x7": 0,
    "CopyUsage": 352,
    "TotalScanUsage": 558,
    "DigitalSendUsage": 0,
    "FaxesReceived": 0,
    "HighestMonth": "Aug-16",
    "HighestMonthCount": "4,745",
    "LowestMonth": "Feb-16",
    "LowestMonthCount": 2
  },
  {
    "Duplex": "2,189",
    "A3Usage11x7": 0,
    "CopyUsage": 597,
    "TotalScanUsage": "1,135",
    "DigitalSendUsage": 0,
    "FaxesReceived": 0,
    "HighestMonth": "Apr-16",
    "HighestMonthCount": "14,410",
    "LowestMonth": "Jan-16",
    "LowestMonthCount": "1,973"
  },
  {
    "Duplex": 704,
    "A3Usage11x7": 0,
    "CopyUsage": 120,
    "TotalScanUsage": 337,
    "DigitalSendUsage": 0,
    "FaxesReceived": 0,
    "HighestMonth": "May-16",
    "HighestMonthCount": "7,470",
    "LowestMonth": "Feb-16",
    "LowestMonthCount": 181
  },
  {
    "Duplex": "1,340",
    "A3Usage11x7": 0,
    "CopyUsage": 496,
    "TotalScanUsage": "1,050",
    "DigitalSendUsage": 0,
    "FaxesReceived": 0,
    "HighestMonth": "Apr-16",
    "HighestMonthCount": "22,864",
    "LowestMonth": "Jan-16",
    "LowestMonthCount": 604
  },
  {
    "Duplex": 495,
    "A3Usage11x7": 0,
    "CopyUsage": 260,
    "TotalScanUsage": "1,051",
    "DigitalSendUsage": 0,
    "FaxesReceived": 0,
    "HighestMonth": "Apr-16",
    "HighestMonthCount": "6,992",
    "LowestMonth": "Feb-16",
    "LowestMonthCount": 1
  },
  {
    "Duplex": 498,
    "A3Usage11x7": 0,
    "CopyUsage": 210,
    "TotalScanUsage": 464,
    "DigitalSendUsage": 0,
    "FaxesReceived": 0,
    "HighestMonth": "Jul-16",
    "HighestMonthCount": "6,466",
    "LowestMonth": "Jan-16",
    "LowestMonthCount": 202
  },
  {
    "Duplex": 667,
    "A3Usage11x7": 0,
    "CopyUsage": 252,
    "TotalScanUsage": 838,
    "DigitalSendUsage": 0,
    "FaxesReceived": 0,
    "HighestMonth": "Apr-16",
    "HighestMonthCount": "9,844",
    "LowestMonth": "Jan-16",
    "LowestMonthCount": 240
  },
  {
    "Duplex": 363,
    "A3Usage11x7": 0,
    "CopyUsage": 0,
    "TotalScanUsage": 0,
    "DigitalSendUsage": 0,
    "FaxesReceived": 0,
    "HighestMonth": "Jan-16",
    "HighestMonthCount": "2,955",
    "LowestMonth": "Oct-16",
    "LowestMonthCount": 280
  },
  {
    "Duplex": "4,332",
    "A3Usage11x7": 0,
    "CopyUsage": 246,
    "TotalScanUsage": 723,
    "DigitalSendUsage": 0,
    "FaxesReceived": 0,
    "HighestMonth": "Jan-16",
    "HighestMonthCount": "33,499",
    "LowestMonth": "Oct-16",
    "LowestMonthCount": 620
  },
  {
    "Duplex": 299,
    "A3Usage11x7": 0,
    "CopyUsage": 580,
    "TotalScanUsage": "1,164",
    "DigitalSendUsage": 0,
    "FaxesReceived": 0,
    "HighestMonth": "Mar-16",
    "HighestMonthCount": "9,851",
    "LowestMonth": "Jul-16",
    "LowestMonthCount": 532
  },
  {
    "Duplex": 255,
    "A3Usage11x7": 0,
    "CopyUsage": 44,
    "TotalScanUsage": 56,
    "DigitalSendUsage": 0,
    "FaxesReceived": 0,
    "HighestMonth": "Jan-16",
    "HighestMonthCount": "1,760",
    "LowestMonth": "Oct-16",
    "LowestMonthCount": 408
  },
  {
    "Duplex": 990,
    "A3Usage11x7": 0,
    "CopyUsage": 301,
    "TotalScanUsage": 536,
    "DigitalSendUsage": 0,
    "FaxesReceived": 0,
    "HighestMonth": "Jan-16",
    "HighestMonthCount": "18,722",
    "LowestMonth": "Jun-16",
    "LowestMonthCount": 173
  },
  {
    "Duplex": "1,022",
    "A3Usage11x7": 0,
    "CopyUsage": 937,
    "TotalScanUsage": "1,037",
    "DigitalSendUsage": 0,
    "FaxesReceived": 0,
    "HighestMonth": "Mar-16",
    "HighestMonthCount": "13,182",
    "LowestMonth": "Oct-16",
    "LowestMonthCount": 86
  },
  {
    "Duplex": "1,049",
    "A3Usage11x7": 0,
    "CopyUsage": 707,
    "TotalScanUsage": "1,064",
    "DigitalSendUsage": 0,
    "FaxesReceived": 0,
    "HighestMonth": "Mar-16",
    "HighestMonthCount": "13,946",
    "LowestMonth": "Oct-16",
    "LowestMonthCount": 911
  },
  {
    "Duplex": "2,342",
    "A3Usage11x7": 0,
    "CopyUsage": 161,
    "TotalScanUsage": 400,
    "DigitalSendUsage": 0,
    "FaxesReceived": 0,
    "HighestMonth": "Feb-16",
    "HighestMonthCount": "19,730",
    "LowestMonth": "Oct-16",
    "LowestMonthCount": 710
  },
  {
    "Duplex": "1,742",
    "A3Usage11x7": 0,
    "CopyUsage": 41,
    "TotalScanUsage": 197,
    "DigitalSendUsage": 0,
    "FaxesReceived": 0,
    "HighestMonth": "Jan-16",
    "HighestMonthCount": "16,867",
    "LowestMonth": "Jun-16",
    "LowestMonthCount": 10
  },
  {
    "Duplex": "1,706",
    "A3Usage11x7": 0,
    "CopyUsage": 559,
    "TotalScanUsage": 832,
    "DigitalSendUsage": 0,
    "FaxesReceived": 0,
    "HighestMonth": "Mar-16",
    "HighestMonthCount": "13,713",
    "LowestMonth": "Oct-16",
    "LowestMonthCount": 46
  },
  {
    "Duplex": "3,900",
    "A3Usage11x7": 0,
    "CopyUsage": 304,
    "TotalScanUsage": 600,
    "DigitalSendUsage": 0,
    "FaxesReceived": 0,
    "HighestMonth": "Feb-16",
    "HighestMonthCount": "30,940",
    "LowestMonth": "Oct-16",
    "LowestMonthCount": 36
  },
  {
    "Duplex": "4,110",
    "A3Usage11x7": 0,
    "CopyUsage": 512,
    "TotalScanUsage": "1,501",
    "DigitalSendUsage": 0,
    "FaxesReceived": 0,
    "HighestMonth": "Mar-16",
    "HighestMonthCount": "34,883",
    "LowestMonth": "Aug-16",
    "LowestMonthCount": 998
  },
  {
    "Duplex": 17,
    "A3Usage11x7": 0,
    "CopyUsage": 0,
    "TotalScanUsage": 0,
    "DigitalSendUsage": 0,
    "FaxesReceived": 0,
    "HighestMonth": "Mar-16",
    "HighestMonthCount": "3,369",
    "LowestMonth": "Apr-16",
    "LowestMonthCount": 1
  },
  {
    "Duplex": 81,
    "A3Usage11x7": 0,
    "CopyUsage": 0,
    "TotalScanUsage": 0,
    "DigitalSendUsage": 0,
    "FaxesReceived": 0,
    "HighestMonth": "Feb-16",
    "HighestMonthCount": "4,276",
    "LowestMonth": "Dec-16",
    "LowestMonthCount": 86
  },
  {
    "Duplex": 240,
    "A3Usage11x7": 0,
    "CopyUsage": 0,
    "TotalScanUsage": 0,
    "DigitalSendUsage": 0,
    "FaxesReceived": 0,
    "HighestMonth": "Dec-16",
    "HighestMonthCount": "1,538",
    "LowestMonth": "Jul-16",
    "LowestMonthCount": 107
  },
  {
    "Duplex": 23,
    "A3Usage11x7": 0,
    "CopyUsage": 0,
    "TotalScanUsage": 0,
    "DigitalSendUsage": 0,
    "FaxesReceived": 0,
    "HighestMonth": "Feb-16",
    "HighestMonthCount": "8,954",
    "LowestMonth": "Aug-16",
    "LowestMonthCount": 437
  },
  {
    "Duplex": 13,
    "A3Usage11x7": 0,
    "CopyUsage": 0,
    "TotalScanUsage": 0,
    "DigitalSendUsage": 0,
    "FaxesReceived": 0,
    "HighestMonth": "Apr-16",
    "HighestMonthCount": 879,
    "LowestMonth": "Feb-16",
    "LowestMonthCount": 1
  },
  {
    "Duplex": 63,
    "A3Usage11x7": 0,
    "CopyUsage": 0,
    "TotalScanUsage": 0,
    "DigitalSendUsage": 0,
    "FaxesReceived": 0,
    "HighestMonth": "Mar-16",
    "HighestMonthCount": "1,516",
    "LowestMonth": "Jul-16",
    "LowestMonthCount": 72
  },
  {
    "Duplex": 67,
    "A3Usage11x7": 0,
    "CopyUsage": 0,
    "TotalScanUsage": 0,
    "DigitalSendUsage": 0,
    "FaxesReceived": 0,
    "HighestMonth": "Apr-16",
    "HighestMonthCount": 331,
    "LowestMonth": "Oct-16",
    "LowestMonthCount": 115
  },
  {
    "Duplex": 631,
    "A3Usage11x7": 0,
    "CopyUsage": "1,193",
    "TotalScanUsage": "1,484",
    "DigitalSendUsage": 0,
    "FaxesReceived": 0,
    "HighestMonth": "Apr-16",
    "HighestMonthCount": "28,382",
    "LowestMonth": "Feb-16",
    "LowestMonthCount": 602
  },
  {
    "Duplex": "5,291",
    "A3Usage11x7": 0,
    "CopyUsage": "4,024",
    "TotalScanUsage": "7,369",
    "DigitalSendUsage": 0,
    "FaxesReceived": 0,
    "HighestMonth": "Apr-16",
    "HighestMonthCount": "31,947",
    "LowestMonth": "Jan-16",
    "LowestMonthCount": "1,112"
  },
  {
    "Duplex": "4,956",
    "A3Usage11x7": 0,
    "CopyUsage": 410,
    "TotalScanUsage": "1,484",
    "DigitalSendUsage": 0,
    "FaxesReceived": 0,
    "HighestMonth": "Apr-16",
    "HighestMonthCount": "25,168",
    "LowestMonth": "Jan-16",
    "LowestMonthCount": 323
  },
  {
    "Duplex": "2,835",
    "A3Usage11x7": 0,
    "CopyUsage": 512,
    "TotalScanUsage": "1,174",
    "DigitalSendUsage": 0,
    "FaxesReceived": 0,
    "HighestMonth": "Apr-16",
    "HighestMonthCount": "21,789",
    "LowestMonth": "Dec-16",
    "LowestMonthCount": "6,542"
  },
  {
    "Duplex": "4,016",
    "A3Usage11x7": 0,
    "CopyUsage": "1,073",
    "TotalScanUsage": "2,450",
    "DigitalSendUsage": 0,
    "FaxesReceived": 0,
    "HighestMonth": "Sep-16",
    "HighestMonthCount": "25,252",
    "LowestMonth": "Feb-16",
    "LowestMonthCount": 413
  },
  {
    "Duplex": "3,472",
    "A3Usage11x7": 0,
    "CopyUsage": 830,
    "TotalScanUsage": "1,700",
    "DigitalSendUsage": 0,
    "FaxesReceived": 0,
    "HighestMonth": "May-16",
    "HighestMonthCount": "22,952",
    "LowestMonth": "Jan-16",
    "LowestMonthCount": 141
  },
  {
    "Duplex": "2,943",
    "A3Usage11x7": 0,
    "CopyUsage": 283,
    "TotalScanUsage": 844,
    "DigitalSendUsage": 0,
    "FaxesReceived": 0,
    "HighestMonth": "Apr-16",
    "HighestMonthCount": "12,873",
    "LowestMonth": "Aug-16",
    "LowestMonthCount": "7,696"
  },
  {
    "Duplex": "7,373",
    "A3Usage11x7": 0,
    "CopyUsage": 978,
    "TotalScanUsage": "1,770",
    "DigitalSendUsage": 0,
    "FaxesReceived": 0,
    "HighestMonth": "Apr-16",
    "HighestMonthCount": "38,488",
    "LowestMonth": "Dec-16",
    "LowestMonthCount": "20,574"
  },
  {
    "Duplex": "3,399",
    "A3Usage11x7": 0,
    "CopyUsage": 327,
    "TotalScanUsage": "1,011",
    "DigitalSendUsage": 0,
    "FaxesReceived": 0,
    "HighestMonth": "Apr-16",
    "HighestMonthCount": "28,534",
    "LowestMonth": "Aug-16",
    "LowestMonthCount": "10,223"
  },
  {
    "Duplex": "4,546",
    "A3Usage11x7": 0,
    "CopyUsage": "1,320",
    "TotalScanUsage": "2,856",
    "DigitalSendUsage": 0,
    "FaxesReceived": 0,
    "HighestMonth": "Jun-16",
    "HighestMonthCount": "27,370",
    "LowestMonth": "Mar-16",
    "LowestMonthCount": "1,483"
  },
  {
    "Duplex": "2,988",
    "A3Usage11x7": 0,
    "CopyUsage": 950,
    "TotalScanUsage": "1,841",
    "DigitalSendUsage": 0,
    "FaxesReceived": 0,
    "HighestMonth": "Jun-16",
    "HighestMonthCount": "30,887",
    "LowestMonth": "Dec-16",
    "LowestMonthCount": "8,772"
  },
  {
    "Duplex": 482,
    "A3Usage11x7": 0,
    "CopyUsage": 303,
    "TotalScanUsage": 307,
    "DigitalSendUsage": 0,
    "FaxesReceived": 0,
    "HighestMonth": "Nov-16",
    "HighestMonthCount": "5,670",
    "LowestMonth": "Aug-16",
    "LowestMonthCount": 897
  },
  {
    "Duplex": 219,
    "A3Usage11x7": 0,
    "CopyUsage": 0,
    "TotalScanUsage": 0,
    "DigitalSendUsage": 0,
    "FaxesReceived": 0,
    "HighestMonth": "Jul-16",
    "HighestMonthCount": "2,121",
    "LowestMonth": "Jan-16",
    "LowestMonthCount": 402
  },
  {
    "Duplex": 137,
    "A3Usage11x7": 0,
    "CopyUsage": 0,
    "TotalScanUsage": 0,
    "DigitalSendUsage": 0,
    "FaxesReceived": 0,
    "HighestMonth": "Mar-16",
    "HighestMonthCount": "1,711",
    "LowestMonth": "Oct-16",
    "LowestMonthCount": 1
  },
  {
    "Duplex": "1,264",
    "A3Usage11x7": 0,
    "CopyUsage": 531,
    "TotalScanUsage": 902,
    "DigitalSendUsage": 0,
    "FaxesReceived": 0,
    "HighestMonth": "Mar-16",
    "HighestMonthCount": "12,576",
    "LowestMonth": "Oct-16",
    "LowestMonthCount": "1,395"
  },
  {
    "Duplex": 608,
    "A3Usage11x7": 0,
    "CopyUsage": 130,
    "TotalScanUsage": 372,
    "DigitalSendUsage": 0,
    "FaxesReceived": 0,
    "HighestMonth": "Mar-16",
    "HighestMonthCount": "8,919",
    "LowestMonth": "Aug-16",
    "LowestMonthCount": 448
  },
  {
    "Duplex": 665,
    "A3Usage11x7": 0,
    "CopyUsage": 167,
    "TotalScanUsage": 146,
    "DigitalSendUsage": 0,
    "FaxesReceived": 0,
    "HighestMonth": "Jan-16",
    "HighestMonthCount": "8,521",
    "LowestMonth": "Nov-16",
    "LowestMonthCount": 123
  },
  {
    "Duplex": 397,
    "A3Usage11x7": 0,
    "CopyUsage": 800,
    "TotalScanUsage": 920,
    "DigitalSendUsage": 0,
    "FaxesReceived": 0,
    "HighestMonth": "Mar-16",
    "HighestMonthCount": "9,431",
    "LowestMonth": "Nov-16",
    "LowestMonthCount": 6
  },
  {
    "Duplex": 763,
    "A3Usage11x7": 0,
    "CopyUsage": 80,
    "TotalScanUsage": 350,
    "DigitalSendUsage": 0,
    "FaxesReceived": 0,
    "HighestMonth": "Mar-16",
    "HighestMonthCount": "4,044",
    "LowestMonth": "Dec-16",
    "LowestMonthCount": "1,477"
  },
  {
    "Duplex": 658,
    "A3Usage11x7": 0,
    "CopyUsage": 409,
    "TotalScanUsage": 779,
    "DigitalSendUsage": 0,
    "FaxesReceived": 0,
    "HighestMonth": "Mar-16",
    "HighestMonthCount": "10,712",
    "LowestMonth": "Aug-16",
    "LowestMonthCount": 417
  },
  {
    "Duplex": "1,000",
    "A3Usage11x7": 0,
    "CopyUsage": 218,
    "TotalScanUsage": 914,
    "DigitalSendUsage": 0,
    "FaxesReceived": 0,
    "HighestMonth": "Jan-16",
    "HighestMonthCount": "10,857",
    "LowestMonth": "Aug-16",
    "LowestMonthCount": 11
  },
  {
    "Duplex": 467,
    "A3Usage11x7": 0,
    "CopyUsage": 505,
    "TotalScanUsage": 869,
    "DigitalSendUsage": 0,
    "FaxesReceived": 0,
    "HighestMonth": "Feb-16",
    "HighestMonthCount": "9,920",
    "LowestMonth": "Dec-16",
    "LowestMonthCount": 266
  },
  {
    "Duplex": "2,230",
    "A3Usage11x7": 0,
    "CopyUsage": 718,
    "TotalScanUsage": "1,360",
    "DigitalSendUsage": 0,
    "FaxesReceived": 0,
    "HighestMonth": "Mar-16",
    "HighestMonthCount": "24,937",
    "LowestMonth": "Dec-16",
    "LowestMonthCount": 89
  },
  {
    "Duplex": "1,159",
    "A3Usage11x7": 0,
    "CopyUsage": 159,
    "TotalScanUsage": 484,
    "DigitalSendUsage": 0,
    "FaxesReceived": 0,
    "HighestMonth": "Mar-16",
    "HighestMonthCount": "16,398",
    "LowestMonth": "Jul-16",
    "LowestMonthCount": 104
  },
  {
    "Duplex": "1,262",
    "A3Usage11x7": 0,
    "CopyUsage": "1,384",
    "TotalScanUsage": "2,684",
    "DigitalSendUsage": 0,
    "FaxesReceived": 0,
    "HighestMonth": "Jun-16",
    "HighestMonthCount": "15,772",
    "LowestMonth": "Jan-16",
    "LowestMonthCount": 220
  },
  {
    "Duplex": "2,530",
    "A3Usage11x7": 0,
    "CopyUsage": 850,
    "TotalScanUsage": "2,136",
    "DigitalSendUsage": 0,
    "FaxesReceived": 0,
    "HighestMonth": "Apr-16",
    "HighestMonthCount": "23,527",
    "LowestMonth": "Feb-16",
    "LowestMonthCount": 383
  },
  {
    "Duplex": "1,713",
    "A3Usage11x7": 0,
    "CopyUsage": 381,
    "TotalScanUsage": 917,
    "DigitalSendUsage": 0,
    "FaxesReceived": 0,
    "HighestMonth": "Apr-16",
    "HighestMonthCount": "33,743",
    "LowestMonth": "Feb-16",
    "LowestMonthCount": 273
  },
  {
    "Duplex": "2,787",
    "A3Usage11x7": 0,
    "CopyUsage": 708,
    "TotalScanUsage": "1,658",
    "DigitalSendUsage": 0,
    "FaxesReceived": 0,
    "HighestMonth": "Apr-16",
    "HighestMonthCount": "22,479",
    "LowestMonth": "Jan-16",
    "LowestMonthCount": "1,385"
  },
  {
    "Duplex": "1,577",
    "A3Usage11x7": 0,
    "CopyUsage": 419,
    "TotalScanUsage": "1,481",
    "DigitalSendUsage": 0,
    "FaxesReceived": 0,
    "HighestMonth": "Oct-16",
    "HighestMonthCount": "20,299",
    "LowestMonth": "Dec-16",
    "LowestMonthCount": "5,224"
  },
  {
    "Duplex": 678,
    "A3Usage11x7": 0,
    "CopyUsage": 340,
    "TotalScanUsage": 364,
    "DigitalSendUsage": 0,
    "FaxesReceived": 0,
    "HighestMonth": "Aug-16",
    "HighestMonthCount": "7,268",
    "LowestMonth": "Dec-16",
    "LowestMonthCount": "3,781"
  },
  {
    "Duplex": "2,059",
    "A3Usage11x7": 0,
    "CopyUsage": "2,142",
    "TotalScanUsage": "3,194",
    "DigitalSendUsage": 0,
    "FaxesReceived": 0,
    "HighestMonth": "Apr-16",
    "HighestMonthCount": "19,362",
    "LowestMonth": "Jan-16",
    "LowestMonthCount": "3,335"
  },
  {
    "Duplex": 466,
    "A3Usage11x7": 0,
    "CopyUsage": 0,
    "TotalScanUsage": 0,
    "DigitalSendUsage": 0,
    "FaxesReceived": 0,
    "HighestMonth": "May-16",
    "HighestMonthCount": "3,098",
    "LowestMonth": "Aug-16",
    "LowestMonthCount": 329
  },
  {
    "Duplex": 114,
    "A3Usage11x7": 0,
    "CopyUsage": 0,
    "TotalScanUsage": 0,
    "DigitalSendUsage": 0,
    "FaxesReceived": 0,
    "HighestMonth": "Jun-16",
    "HighestMonthCount": 650,
    "LowestMonth": "Dec-16",
    "LowestMonthCount": 237
  },
  {
    "Duplex": "1,775",
    "A3Usage11x7": 0,
    "CopyUsage": 888,
    "TotalScanUsage": "1,142",
    "DigitalSendUsage": 0,
    "FaxesReceived": 0,
    "HighestMonth": "Feb-16",
    "HighestMonthCount": "14,818",
    "LowestMonth": "May-16",
    "LowestMonthCount": 452
  },
  {
    "Duplex": 330,
    "A3Usage11x7": 0,
    "CopyUsage": 757,
    "TotalScanUsage": "1,056",
    "DigitalSendUsage": 0,
    "FaxesReceived": 0,
    "HighestMonth": "Mar-16",
    "HighestMonthCount": "12,840",
    "LowestMonth": "Aug-16",
    "LowestMonthCount": "1,362"
  },
  {
    "Duplex": 649,
    "A3Usage11x7": 0,
    "CopyUsage": 742,
    "TotalScanUsage": "1,688",
    "DigitalSendUsage": 0,
    "FaxesReceived": 0,
    "HighestMonth": "Mar-16",
    "HighestMonthCount": "14,946",
    "LowestMonth": "Aug-16",
    "LowestMonthCount": 171
  },
  {
    "Duplex": "2,420",
    "A3Usage11x7": 0,
    "CopyUsage": 340,
    "TotalScanUsage": 518,
    "DigitalSendUsage": 0,
    "FaxesReceived": 0,
    "HighestMonth": "Mar-16",
    "HighestMonthCount": "27,053",
    "LowestMonth": "Jul-16",
    "LowestMonthCount": 352
  },
  {
    "Duplex": "2,721",
    "A3Usage11x7": 0,
    "CopyUsage": "6,023",
    "TotalScanUsage": "6,161",
    "DigitalSendUsage": 0,
    "FaxesReceived": 0,
    "HighestMonth": "May-16",
    "HighestMonthCount": "24,779",
    "LowestMonth": "Nov-16",
    "LowestMonthCount": "5,252"
  },
  {
    "Duplex": "1,248",
    "A3Usage11x7": 0,
    "CopyUsage": "2,021",
    "TotalScanUsage": "2,432",
    "DigitalSendUsage": 0,
    "FaxesReceived": 0,
    "HighestMonth": "Jun-16",
    "HighestMonthCount": "16,415",
    "LowestMonth": "Mar-16",
    "LowestMonthCount": 49
  },
  {
    "Duplex": "1,481",
    "A3Usage11x7": 0,
    "CopyUsage": "1,404",
    "TotalScanUsage": "1,961",
    "DigitalSendUsage": 0,
    "FaxesReceived": 0,
    "HighestMonth": "Apr-16",
    "HighestMonthCount": "13,470",
    "LowestMonth": "Feb-16",
    "LowestMonthCount": "4,850"
  },
  {
    "Duplex": 571,
    "A3Usage11x7": 0,
    "CopyUsage": 0,
    "TotalScanUsage": 0,
    "DigitalSendUsage": 0,
    "FaxesReceived": 0,
    "HighestMonth": "May-16",
    "HighestMonthCount": "6,945",
    "LowestMonth": "Mar-16",
    "LowestMonthCount": "2,606"
  },
  {
    "Duplex": 107,
    "A3Usage11x7": 0,
    "CopyUsage": 0,
    "TotalScanUsage": 0,
    "DigitalSendUsage": 0,
    "FaxesReceived": 0,
    "HighestMonth": "Jun-16",
    "HighestMonthCount": "1,472",
    "LowestMonth": "Jan-16",
    "LowestMonthCount": 451
  },
  {
    "Duplex": 29,
    "A3Usage11x7": 0,
    "CopyUsage": 0,
    "TotalScanUsage": 0,
    "DigitalSendUsage": 0,
    "FaxesReceived": 0,
    "HighestMonth": "Mar-16",
    "HighestMonthCount": 872,
    "LowestMonth": "Aug-16",
    "LowestMonthCount": 148
  },
  {
    "Duplex": 363,
    "A3Usage11x7": 0,
    "CopyUsage": 0,
    "TotalScanUsage": 0,
    "DigitalSendUsage": 0,
    "FaxesReceived": 0,
    "HighestMonth": "Jun-16",
    "HighestMonthCount": "2,412",
    "LowestMonth": "Mar-16",
    "LowestMonthCount": 372
  },
  {
    "Duplex": "1,333",
    "A3Usage11x7": 0,
    "CopyUsage": 310,
    "TotalScanUsage": "1,168",
    "DigitalSendUsage": 0,
    "FaxesReceived": 0,
    "HighestMonth": "Sep-16",
    "HighestMonthCount": "11,082",
    "LowestMonth": "Feb-16",
    "LowestMonthCount": 408
  },
  {
    "Duplex": "1,675",
    "A3Usage11x7": 0,
    "CopyUsage": 289,
    "TotalScanUsage": 645,
    "DigitalSendUsage": 0,
    "FaxesReceived": 0,
    "HighestMonth": "Apr-16",
    "HighestMonthCount": "17,102",
    "LowestMonth": "Mar-16",
    "LowestMonthCount": 762
  },
  {
    "Duplex": "1,219",
    "A3Usage11x7": 0,
    "CopyUsage": "1,047",
    "TotalScanUsage": "1,160",
    "DigitalSendUsage": 0,
    "FaxesReceived": 0,
    "HighestMonth": "Mar-16",
    "HighestMonthCount": "31,579",
    "LowestMonth": "Dec-16",
    "LowestMonthCount": 266
  },
  {
    "Duplex": "1,139",
    "A3Usage11x7": 0,
    "CopyUsage": 510,
    "TotalScanUsage": 843,
    "DigitalSendUsage": 0,
    "FaxesReceived": 0,
    "HighestMonth": "Jan-16",
    "HighestMonthCount": "17,627",
    "LowestMonth": "May-16",
    "LowestMonthCount": 122
  },
  {
    "Duplex": "2,759",
    "A3Usage11x7": 0,
    "CopyUsage": 197,
    "TotalScanUsage": 584,
    "DigitalSendUsage": 0,
    "FaxesReceived": 0,
    "HighestMonth": "Feb-16",
    "HighestMonthCount": "20,524",
    "LowestMonth": "Nov-16",
    "LowestMonthCount": 22
  },
  {
    "Duplex": "1,681",
    "A3Usage11x7": 0,
    "CopyUsage": "1,325",
    "TotalScanUsage": "1,808",
    "DigitalSendUsage": 0,
    "FaxesReceived": 0,
    "HighestMonth": "Nov-16",
    "HighestMonthCount": "9,759",
    "LowestMonth": "Feb-16",
    "LowestMonthCount": 954
  },
  {
    "Duplex": "1,001",
    "A3Usage11x7": 0,
    "CopyUsage": 564,
    "TotalScanUsage": 748,
    "DigitalSendUsage": 0,
    "FaxesReceived": 0,
    "HighestMonth": "Nov-16",
    "HighestMonthCount": "8,843",
    "LowestMonth": "Jan-16",
    "LowestMonthCount": "3,512"
  },
  {
    "Duplex": "3,034",
    "A3Usage11x7": 0,
    "CopyUsage": "1,954",
    "TotalScanUsage": "2,516",
    "DigitalSendUsage": 0,
    "FaxesReceived": 0,
    "HighestMonth": "Apr-16",
    "HighestMonthCount": "26,457",
    "LowestMonth": "Jul-16",
    "LowestMonthCount": "5,549"
  },
  {
    "Duplex": "1,727",
    "A3Usage11x7": 0,
    "CopyUsage": 183,
    "TotalScanUsage": 595,
    "DigitalSendUsage": 0,
    "FaxesReceived": 0,
    "HighestMonth": "Mar-16",
    "HighestMonthCount": "11,412",
    "LowestMonth": "Apr-16",
    "LowestMonthCount": "2,562"
  },
  {
    "Duplex": "1,318",
    "A3Usage11x7": 0,
    "CopyUsage": 583,
    "TotalScanUsage": "1,100",
    "DigitalSendUsage": 0,
    "FaxesReceived": 0,
    "HighestMonth": "Feb-16",
    "HighestMonthCount": "16,987",
    "LowestMonth": "Jul-16",
    "LowestMonthCount": "1,122"
  },
  {
    "Duplex": 204,
    "A3Usage11x7": 0,
    "CopyUsage": 0,
    "TotalScanUsage": 0,
    "DigitalSendUsage": 0,
    "FaxesReceived": 0,
    "HighestMonth": "Aug-16",
    "HighestMonthCount": "1,225",
    "LowestMonth": "Jun-16",
    "LowestMonthCount": 43
  },
  {
    "Duplex": 130,
    "A3Usage11x7": 0,
    "CopyUsage": 0,
    "TotalScanUsage": 0,
    "DigitalSendUsage": 0,
    "FaxesReceived": 0,
    "HighestMonth": "Mar-16",
    "HighestMonthCount": "2,219",
    "LowestMonth": "Aug-16",
    "LowestMonthCount": 111
  },
  {
    "Duplex": 540,
    "A3Usage11x7": 0,
    "CopyUsage": 0,
    "TotalScanUsage": 0,
    "DigitalSendUsage": 0,
    "FaxesReceived": 0,
    "HighestMonth": "Apr-16",
    "HighestMonthCount": "5,130",
    "LowestMonth": "Jan-16",
    "LowestMonthCount": 909
  },
  {
    "Duplex": 77,
    "A3Usage11x7": 0,
    "CopyUsage": 0,
    "TotalScanUsage": 0,
    "DigitalSendUsage": 0,
    "FaxesReceived": 0,
    "HighestMonth": "Aug-16",
    "HighestMonthCount": "1,070",
    "LowestMonth": "Jan-16",
    "LowestMonthCount": 238
  },
  {
    "Duplex": 379,
    "A3Usage11x7": 0,
    "CopyUsage": 33,
    "TotalScanUsage": 69,
    "DigitalSendUsage": 0,
    "FaxesReceived": 0,
    "HighestMonth": "Mar-16",
    "HighestMonthCount": "5,614",
    "LowestMonth": "Jan-16",
    "LowestMonthCount": "4,046"
  },
  {
    "Duplex": 108,
    "A3Usage11x7": 0,
    "CopyUsage": 0,
    "TotalScanUsage": 0,
    "DigitalSendUsage": 0,
    "FaxesReceived": 0,
    "HighestMonth": "Mar-16",
    "HighestMonthCount": "1,458",
    "LowestMonth": "Jan-16",
    "LowestMonthCount": 127
  },
  {
    "Duplex": 658,
    "A3Usage11x7": 0,
    "CopyUsage": 608,
    "TotalScanUsage": 979,
    "DigitalSendUsage": 0,
    "FaxesReceived": 0,
    "HighestMonth": "Mar-16",
    "HighestMonthCount": "7,990",
    "LowestMonth": "Jan-16",
    "LowestMonthCount": "6,487"
  },
  {
    "Duplex": "1,540",
    "A3Usage11x7": 0,
    "CopyUsage": 236,
    "TotalScanUsage": 570,
    "DigitalSendUsage": 0,
    "FaxesReceived": 0,
    "HighestMonth": "Mar-16",
    "HighestMonthCount": "14,465",
    "LowestMonth": "Jan-16",
    "LowestMonthCount": "11,609"
  },
  {
    "Duplex": 0,
    "A3Usage11x7": 0,
    "CopyUsage": 0,
    "TotalScanUsage": 0,
    "DigitalSendUsage": 0,
    "FaxesReceived": 0,
    "HighestMonth": "Jan-16",
    "HighestMonthCount": 833,
    "LowestMonth": "Feb-16",
    "LowestMonthCount": 617
  },
  {
    "Duplex": "1,209",
    "A3Usage11x7": 0,
    "CopyUsage": 127,
    "TotalScanUsage": 178,
    "DigitalSendUsage": 0,
    "FaxesReceived": 0,
    "HighestMonth": "Jan-16",
    "HighestMonthCount": "13,132",
    "LowestMonth": "Feb-16",
    "LowestMonthCount": "10,031"
  },
  {
    "Duplex": "2,433",
    "A3Usage11x7": 0,
    "CopyUsage": 396,
    "TotalScanUsage": 745,
    "DigitalSendUsage": 0,
    "FaxesReceived": 0,
    "HighestMonth": "Mar-16",
    "HighestMonthCount": "33,405",
    "LowestMonth": "Jan-16",
    "LowestMonthCount": "19,005"
  },
  {
    "Duplex": "1,978",
    "A3Usage11x7": 0,
    "CopyUsage": 68,
    "TotalScanUsage": 410,
    "DigitalSendUsage": 0,
    "FaxesReceived": 0,
    "HighestMonth": "Jan-16",
    "HighestMonthCount": "18,684",
    "LowestMonth": "Feb-16",
    "LowestMonthCount": "16,296"
  },
  {
    "Duplex": "1,184",
    "A3Usage11x7": 0,
    "CopyUsage": 207,
    "TotalScanUsage": 729,
    "DigitalSendUsage": 0,
    "FaxesReceived": 0,
    "HighestMonth": "Jan-16",
    "HighestMonthCount": "14,182",
    "LowestMonth": "Mar-16",
    "LowestMonthCount": "13,166"
  },
  {
    "Duplex": "2,085",
    "A3Usage11x7": 0,
    "CopyUsage": 976,
    "TotalScanUsage": "2,019",
    "DigitalSendUsage": 0,
    "FaxesReceived": 0,
    "HighestMonth": "Mar-16",
    "HighestMonthCount": "18,230",
    "LowestMonth": "Aug-16",
    "LowestMonthCount": "3,249"
  },
  {
    "Duplex": 201,
    "A3Usage11x7": 0,
    "CopyUsage": 0,
    "TotalScanUsage": 0,
    "DigitalSendUsage": 0,
    "FaxesReceived": 0,
    "HighestMonth": "Jan-16",
    "HighestMonthCount": "2,270",
    "LowestMonth": "Jul-16",
    "LowestMonthCount": 165
  },
  {
    "Duplex": 774,
    "A3Usage11x7": 0,
    "CopyUsage": 207,
    "TotalScanUsage": 499,
    "DigitalSendUsage": 0,
    "FaxesReceived": 0,
    "HighestMonth": "Oct-16",
    "HighestMonthCount": "6,211",
    "LowestMonth": "Jan-16",
    "LowestMonthCount": 979
  },
  {
    "Duplex": 288,
    "A3Usage11x7": 0,
    "CopyUsage": 0,
    "TotalScanUsage": 0,
    "DigitalSendUsage": 0,
    "FaxesReceived": 0,
    "HighestMonth": "Feb-16",
    "HighestMonthCount": "1,113",
    "LowestMonth": "Mar-16",
    "LowestMonthCount": 1
  },
  {
    "Duplex": 104,
    "A3Usage11x7": 0,
    "CopyUsage": 0,
    "TotalScanUsage": 0,
    "DigitalSendUsage": 0,
    "FaxesReceived": 0,
    "HighestMonth": "Feb-16",
    "HighestMonthCount": "1,556",
    "LowestMonth": "Aug-16",
    "LowestMonthCount": 183
  },
  {
    "Duplex": "5,436",
    "A3Usage11x7": 0,
    "CopyUsage": "1,223",
    "TotalScanUsage": "2,044",
    "DigitalSendUsage": 0,
    "FaxesReceived": 0,
    "HighestMonth": "Jul-16",
    "HighestMonthCount": "29,498",
    "LowestMonth": "Jan-16",
    "LowestMonthCount": "4,364"
  },
  {
    "Duplex": "5,555",
    "A3Usage11x7": 0,
    "CopyUsage": "2,718",
    "TotalScanUsage": "4,573",
    "DigitalSendUsage": 0,
    "FaxesReceived": 0,
    "HighestMonth": "Apr-16",
    "HighestMonthCount": "36,368",
    "LowestMonth": "Jan-16",
    "LowestMonthCount": "1,973"
  },
  {
    "Duplex": "2,367",
    "A3Usage11x7": 0,
    "CopyUsage": 688,
    "TotalScanUsage": "1,432",
    "DigitalSendUsage": 0,
    "FaxesReceived": 0,
    "HighestMonth": "Jun-16",
    "HighestMonthCount": "16,946",
    "LowestMonth": "Dec-16",
    "LowestMonthCount": "4,043"
  },
  {
    "Duplex": "1,672",
    "A3Usage11x7": 0,
    "CopyUsage": 618,
    "TotalScanUsage": 885,
    "DigitalSendUsage": 0,
    "FaxesReceived": 0,
    "HighestMonth": "Feb-16",
    "HighestMonthCount": "11,590",
    "LowestMonth": "Dec-16",
    "LowestMonthCount": "4,200"
  },
  {
    "Duplex": "3,165",
    "A3Usage11x7": 0,
    "CopyUsage": "1,387",
    "TotalScanUsage": "2,756",
    "DigitalSendUsage": 0,
    "FaxesReceived": 0,
    "HighestMonth": "Apr-16",
    "HighestMonthCount": "18,866",
    "LowestMonth": "Dec-16",
    "LowestMonthCount": "6,602"
  },
  {
    "Duplex": "3,558",
    "A3Usage11x7": 0,
    "CopyUsage": "2,348",
    "TotalScanUsage": "5,248",
    "DigitalSendUsage": 0,
    "FaxesReceived": 0,
    "HighestMonth": "Nov-16",
    "HighestMonthCount": "22,575",
    "LowestMonth": "May-16",
    "LowestMonthCount": "9,788"
  },
  {
    "Duplex": "1,958",
    "A3Usage11x7": 0,
    "CopyUsage": 668,
    "TotalScanUsage": "1,051",
    "DigitalSendUsage": 0,
    "FaxesReceived": 0,
    "HighestMonth": "Nov-16",
    "HighestMonthCount": "10,285",
    "LowestMonth": "Feb-16",
    "LowestMonthCount": 50
  },
  {
    "Duplex": "1,348",
    "A3Usage11x7": 0,
    "CopyUsage": "1,350",
    "TotalScanUsage": 861,
    "DigitalSendUsage": 0,
    "FaxesReceived": 0,
    "HighestMonth": "Apr-16",
    "HighestMonthCount": "10,291",
    "LowestMonth": "Mar-16",
    "LowestMonthCount": 39
  },
  {
    "Duplex": "1,575",
    "A3Usage11x7": 0,
    "CopyUsage": "1,787",
    "TotalScanUsage": "3,783",
    "DigitalSendUsage": 0,
    "FaxesReceived": 0,
    "HighestMonth": "May-16",
    "HighestMonthCount": "21,673",
    "LowestMonth": "Mar-16",
    "LowestMonthCount": 3
  },
  {
    "Duplex": "2,111",
    "A3Usage11x7": 0,
    "CopyUsage": 328,
    "TotalScanUsage": 611,
    "DigitalSendUsage": 0,
    "FaxesReceived": 0,
    "HighestMonth": "Nov-16",
    "HighestMonthCount": "14,193",
    "LowestMonth": "Feb-16",
    "LowestMonthCount": 71
  },
  {
    "Duplex": "3,363",
    "A3Usage11x7": 0,
    "CopyUsage": 744,
    "TotalScanUsage": "1,420",
    "DigitalSendUsage": 0,
    "FaxesReceived": 0,
    "HighestMonth": "May-16",
    "HighestMonthCount": "21,745",
    "LowestMonth": "Mar-16",
    "LowestMonthCount": 2
  },
  {
    "Duplex": "3,473",
    "A3Usage11x7": 0,
    "CopyUsage": 392,
    "TotalScanUsage": "1,154",
    "DigitalSendUsage": 0,
    "FaxesReceived": 0,
    "HighestMonth": "Mar-16",
    "HighestMonthCount": "26,414",
    "LowestMonth": "Apr-16",
    "LowestMonthCount": "7,497"
  },
  {
    "Duplex": "2,161",
    "A3Usage11x7": 0,
    "CopyUsage": "1,170",
    "TotalScanUsage": "1,776",
    "DigitalSendUsage": 0,
    "FaxesReceived": 0,
    "HighestMonth": "Apr-16",
    "HighestMonthCount": "17,867",
    "LowestMonth": "Dec-16",
    "LowestMonthCount": "3,768"
  },
  {
    "Duplex": "1,495",
    "A3Usage11x7": 0,
    "CopyUsage": 805,
    "TotalScanUsage": "1,092",
    "DigitalSendUsage": 0,
    "FaxesReceived": 0,
    "HighestMonth": "Apr-16",
    "HighestMonthCount": "9,711",
    "LowestMonth": "Sep-16",
    "LowestMonthCount": "1,389"
  },
  {
    "Duplex": "2,669",
    "A3Usage11x7": 0,
    "CopyUsage": "1,134",
    "TotalScanUsage": "2,133",
    "DigitalSendUsage": 0,
    "FaxesReceived": 0,
    "HighestMonth": "Apr-16",
    "HighestMonthCount": "21,265",
    "LowestMonth": "Jan-16",
    "LowestMonthCount": 630
  },
  {
    "Duplex": "2,066",
    "A3Usage11x7": 0,
    "CopyUsage": "1,645",
    "TotalScanUsage": "2,492",
    "DigitalSendUsage": 0,
    "FaxesReceived": 0,
    "HighestMonth": "Oct-16",
    "HighestMonthCount": "21,022",
    "LowestMonth": "Jan-16",
    "LowestMonthCount": "1,189"
  },
  {
    "Duplex": "1,737",
    "A3Usage11x7": 0,
    "CopyUsage": 570,
    "TotalScanUsage": 777,
    "DigitalSendUsage": 0,
    "FaxesReceived": 0,
    "HighestMonth": "Jun-16",
    "HighestMonthCount": "11,240",
    "LowestMonth": "Feb-16",
    "LowestMonthCount": 879
  },
  {
    "Duplex": "7,066",
    "A3Usage11x7": 0,
    "CopyUsage": "1,726",
    "TotalScanUsage": "2,398",
    "DigitalSendUsage": 0,
    "FaxesReceived": 0,
    "HighestMonth": "Aug-16",
    "HighestMonthCount": "33,661",
    "LowestMonth": "Feb-16",
    "LowestMonthCount": "16,651"
  },
  {
    "Duplex": "1,293",
    "A3Usage11x7": 0,
    "CopyUsage": "1,541",
    "TotalScanUsage": "2,525",
    "DigitalSendUsage": 0,
    "FaxesReceived": 0,
    "HighestMonth": "Jun-16",
    "HighestMonthCount": "8,208",
    "LowestMonth": "Mar-16",
    "LowestMonthCount": "4,651"
  },
  {
    "Duplex": "7,463",
    "A3Usage11x7": 0,
    "CopyUsage": "1,413",
    "TotalScanUsage": "2,664",
    "DigitalSendUsage": 0,
    "FaxesReceived": 0,
    "HighestMonth": "Apr-16",
    "HighestMonthCount": "38,233",
    "LowestMonth": "Jan-16",
    "LowestMonthCount": "2,418"
  },
  {
    "Duplex": "2,833",
    "A3Usage11x7": 0,
    "CopyUsage": "1,412",
    "TotalScanUsage": "2,170",
    "DigitalSendUsage": 0,
    "FaxesReceived": 0,
    "HighestMonth": "Apr-16",
    "HighestMonthCount": "23,459",
    "LowestMonth": "Dec-16",
    "LowestMonthCount": "4,483"
  },
  {
    "Duplex": "4,395",
    "A3Usage11x7": 0,
    "CopyUsage": "1,051",
    "TotalScanUsage": "2,248",
    "DigitalSendUsage": 0,
    "FaxesReceived": 0,
    "HighestMonth": "Nov-16",
    "HighestMonthCount": "22,841",
    "LowestMonth": "Jan-16",
    "LowestMonthCount": "2,062"
  },
  {
    "Duplex": "2,110",
    "A3Usage11x7": 0,
    "CopyUsage": 654,
    "TotalScanUsage": 775,
    "DigitalSendUsage": 0,
    "FaxesReceived": 0,
    "HighestMonth": "Nov-16",
    "HighestMonthCount": "11,049",
    "LowestMonth": "Jan-16",
    "LowestMonthCount": 242
  },
  {
    "Duplex": "3,787",
    "A3Usage11x7": 0,
    "CopyUsage": "1,142",
    "TotalScanUsage": "1,642",
    "DigitalSendUsage": 0,
    "FaxesReceived": 0,
    "HighestMonth": "Jun-16",
    "HighestMonthCount": "19,933",
    "LowestMonth": "Jan-16",
    "LowestMonthCount": "5,342"
  },
  {
    "Duplex": "4,985",
    "A3Usage11x7": 0,
    "CopyUsage": "1,435",
    "TotalScanUsage": "3,509",
    "DigitalSendUsage": 0,
    "FaxesReceived": 0,
    "HighestMonth": "Oct-16",
    "HighestMonthCount": "26,120",
    "LowestMonth": "Jan-16",
    "LowestMonthCount": "6,051"
  },
  {
    "Duplex": "4,690",
    "A3Usage11x7": 0,
    "CopyUsage": "2,385",
    "TotalScanUsage": "3,545",
    "DigitalSendUsage": 0,
    "FaxesReceived": 0,
    "HighestMonth": "Mar-16",
    "HighestMonthCount": "29,001",
    "LowestMonth": "May-16",
    "LowestMonthCount": "11,649"
  },
  {
    "Duplex": "4,051",
    "A3Usage11x7": 0,
    "CopyUsage": 844,
    "TotalScanUsage": "1,511",
    "DigitalSendUsage": 0,
    "FaxesReceived": 0,
    "HighestMonth": "Mar-16",
    "HighestMonthCount": "24,484",
    "LowestMonth": "Jul-16",
    "LowestMonthCount": "9,217"
  },
  {
    "Duplex": "7,501",
    "A3Usage11x7": 0,
    "CopyUsage": "1,087",
    "TotalScanUsage": "1,921",
    "DigitalSendUsage": 0,
    "FaxesReceived": 0,
    "HighestMonth": "Aug-16",
    "HighestMonthCount": "30,202",
    "LowestMonth": "Jan-16",
    "LowestMonthCount": "11,122"
  },
  {
    "Duplex": "1,889",
    "A3Usage11x7": 0,
    "CopyUsage": "1,356",
    "TotalScanUsage": "2,492",
    "DigitalSendUsage": 0,
    "FaxesReceived": 0,
    "HighestMonth": "Mar-16",
    "HighestMonthCount": "17,175",
    "LowestMonth": "Nov-16",
    "LowestMonthCount": "7,789"
  },
  {
    "Duplex": "1,438",
    "A3Usage11x7": 0,
    "CopyUsage": 229,
    "TotalScanUsage": 510,
    "DigitalSendUsage": 0,
    "FaxesReceived": 0,
    "HighestMonth": "Jan-16",
    "HighestMonthCount": "13,241",
    "LowestMonth": "Dec-16",
    "LowestMonthCount": 737
  },
  {
    "Duplex": "3,970",
    "A3Usage11x7": 0,
    "CopyUsage": 604,
    "TotalScanUsage": "1,475",
    "DigitalSendUsage": 0,
    "FaxesReceived": 0,
    "HighestMonth": "Mar-16",
    "HighestMonthCount": "34,467",
    "LowestMonth": "Jun-16",
    "LowestMonthCount": "11,831"
  },
  {
    "Duplex": "2,547",
    "A3Usage11x7": 0,
    "CopyUsage": "2,362",
    "TotalScanUsage": "3,007",
    "DigitalSendUsage": 0,
    "FaxesReceived": 0,
    "HighestMonth": "Mar-16",
    "HighestMonthCount": "21,560",
    "LowestMonth": "Oct-16",
    "LowestMonthCount": "9,617"
  },
  {
    "Duplex": "1,904",
    "A3Usage11x7": 0,
    "CopyUsage": 953,
    "TotalScanUsage": "1,539",
    "DigitalSendUsage": 0,
    "FaxesReceived": 0,
    "HighestMonth": "Apr-16",
    "HighestMonthCount": "15,414",
    "LowestMonth": "Mar-16",
    "LowestMonthCount": 553
  },
  {
    "Duplex": "4,937",
    "A3Usage11x7": 0,
    "CopyUsage": "1,351",
    "TotalScanUsage": "2,901",
    "DigitalSendUsage": 0,
    "FaxesReceived": 0,
    "HighestMonth": "Feb-16",
    "HighestMonthCount": "22,142",
    "LowestMonth": "Jul-16",
    "LowestMonthCount": "9,741"
  },
  {
    "Duplex": "4,430",
    "A3Usage11x7": 0,
    "CopyUsage": 584,
    "TotalScanUsage": "1,129",
    "DigitalSendUsage": 0,
    "FaxesReceived": 0,
    "HighestMonth": "Mar-16",
    "HighestMonthCount": "21,682",
    "LowestMonth": "Jan-16",
    "LowestMonthCount": "6,153"
  },
  {
    "Duplex": "3,000",
    "A3Usage11x7": 0,
    "CopyUsage": 573,
    "TotalScanUsage": 803,
    "DigitalSendUsage": 0,
    "FaxesReceived": 0,
    "HighestMonth": "Sep-16",
    "HighestMonthCount": "22,487",
    "LowestMonth": "Jan-16",
    "LowestMonthCount": "5,185"
  },
  {
    "Duplex": "4,938",
    "A3Usage11x7": 0,
    "CopyUsage": "1,504",
    "TotalScanUsage": "3,200",
    "DigitalSendUsage": 0,
    "FaxesReceived": 0,
    "HighestMonth": "Apr-16",
    "HighestMonthCount": "29,281",
    "LowestMonth": "Jan-16",
    "LowestMonthCount": "5,735"
  },
  {
    "Duplex": "5,056",
    "A3Usage11x7": 0,
    "CopyUsage": "1,275",
    "TotalScanUsage": "1,877",
    "DigitalSendUsage": 0,
    "FaxesReceived": 0,
    "HighestMonth": "Apr-16",
    "HighestMonthCount": "24,471",
    "LowestMonth": "Mar-16",
    "LowestMonthCount": "4,364"
  },
  {
    "Duplex": "6,680",
    "A3Usage11x7": 0,
    "CopyUsage": "2,547",
    "TotalScanUsage": "3,745",
    "DigitalSendUsage": 0,
    "FaxesReceived": 0,
    "HighestMonth": "Nov-16",
    "HighestMonthCount": "45,081",
    "LowestMonth": "Feb-16",
    "LowestMonthCount": "10,107"
  },
  {
    "Duplex": "4,681",
    "A3Usage11x7": 0,
    "CopyUsage": 432,
    "TotalScanUsage": "1,096",
    "DigitalSendUsage": 0,
    "FaxesReceived": 0,
    "HighestMonth": "Aug-16",
    "HighestMonthCount": "23,838",
    "LowestMonth": "Feb-16",
    "LowestMonthCount": "5,825"
  },
  {
    "Duplex": "3,862",
    "A3Usage11x7": 0,
    "CopyUsage": 809,
    "TotalScanUsage": "1,815",
    "DigitalSendUsage": 0,
    "FaxesReceived": 0,
    "HighestMonth": "May-16",
    "HighestMonthCount": "17,680",
    "LowestMonth": "Feb-16",
    "LowestMonthCount": "5,999"
  },
  {
    "Duplex": "6,434",
    "A3Usage11x7": 0,
    "CopyUsage": 438,
    "TotalScanUsage": "1,337",
    "DigitalSendUsage": 0,
    "FaxesReceived": 0,
    "HighestMonth": "Nov-16",
    "HighestMonthCount": "27,877",
    "LowestMonth": "Jan-16",
    "LowestMonthCount": "4,542"
  },
  {
    "Duplex": "6,533",
    "A3Usage11x7": 0,
    "CopyUsage": "1,115",
    "TotalScanUsage": "2,163",
    "DigitalSendUsage": 0,
    "FaxesReceived": 0,
    "HighestMonth": "Sep-16",
    "HighestMonthCount": "27,957",
    "LowestMonth": "Jan-16",
    "LowestMonthCount": "5,367"
  },
  {
    "Duplex": 591,
    "A3Usage11x7": 0,
    "CopyUsage": 590,
    "TotalScanUsage": 858,
    "DigitalSendUsage": 0,
    "FaxesReceived": 0,
    "HighestMonth": "Mar-16",
    "HighestMonthCount": "18,158",
    "LowestMonth": "Aug-16",
    "LowestMonthCount": "3,508"
  },
  {
    "Duplex": "2,650",
    "A3Usage11x7": 0,
    "CopyUsage": 413,
    "TotalScanUsage": 699,
    "DigitalSendUsage": 0,
    "FaxesReceived": 0,
    "HighestMonth": "Jan-16",
    "HighestMonthCount": "41,508",
    "LowestMonth": "Sep-16",
    "LowestMonthCount": 955
  },
  {
    "Duplex": 864,
    "A3Usage11x7": 0,
    "CopyUsage": 337,
    "TotalScanUsage": 541,
    "DigitalSendUsage": 0,
    "FaxesReceived": 0,
    "HighestMonth": "Oct-16",
    "HighestMonthCount": "7,908",
    "LowestMonth": "Jul-16",
    "LowestMonthCount": "3,072"
  },
  {
    "Duplex": 327,
    "A3Usage11x7": 0,
    "CopyUsage": 0,
    "TotalScanUsage": 0,
    "DigitalSendUsage": 0,
    "FaxesReceived": 0,
    "HighestMonth": "Nov-16",
    "HighestMonthCount": "4,009",
    "LowestMonth": "Feb-16",
    "LowestMonthCount": 26
  },
  {
    "Duplex": "1,083",
    "A3Usage11x7": 0,
    "CopyUsage": 368,
    "TotalScanUsage": 757,
    "DigitalSendUsage": 0,
    "FaxesReceived": 0,
    "HighestMonth": "Mar-16",
    "HighestMonthCount": "16,823",
    "LowestMonth": "Aug-16",
    "LowestMonthCount": 661
  },
  {
    "Duplex": "2,843",
    "A3Usage11x7": 0,
    "CopyUsage": "1,075",
    "TotalScanUsage": "1,641",
    "DigitalSendUsage": 0,
    "FaxesReceived": 0,
    "HighestMonth": "Feb-16",
    "HighestMonthCount": "33,469",
    "LowestMonth": "Dec-16",
    "LowestMonthCount": 43
  },
  {
    "Duplex": "1,313",
    "A3Usage11x7": 0,
    "CopyUsage": 177,
    "TotalScanUsage": 546,
    "DigitalSendUsage": 0,
    "FaxesReceived": 0,
    "HighestMonth": "Mar-16",
    "HighestMonthCount": "17,175",
    "LowestMonth": "Jul-16",
    "LowestMonthCount": 44
  },
  {
    "Duplex": "2,363",
    "A3Usage11x7": 0,
    "CopyUsage": 615,
    "TotalScanUsage": "1,089",
    "DigitalSendUsage": 0,
    "FaxesReceived": 0,
    "HighestMonth": "Mar-16",
    "HighestMonthCount": "20,945",
    "LowestMonth": "Dec-16",
    "LowestMonthCount": 56
  },
  {
    "Duplex": 170,
    "A3Usage11x7": 0,
    "CopyUsage": 145,
    "TotalScanUsage": 87,
    "DigitalSendUsage": 0,
    "FaxesReceived": 0,
    "HighestMonth": "Mar-16",
    "HighestMonthCount": "5,676",
    "LowestMonth": "Aug-16",
    "LowestMonthCount": 2
  },
  {
    "Duplex": 362,
    "A3Usage11x7": 0,
    "CopyUsage": 0,
    "TotalScanUsage": 0,
    "DigitalSendUsage": 0,
    "FaxesReceived": 0,
    "HighestMonth": "Jun-16",
    "HighestMonthCount": "4,568",
    "LowestMonth": "Nov-16",
    "LowestMonthCount": "1,537"
  },
  {
    "Duplex": 533,
    "A3Usage11x7": 0,
    "CopyUsage": 0,
    "TotalScanUsage": 0,
    "DigitalSendUsage": 0,
    "FaxesReceived": 0,
    "HighestMonth": "Oct-16",
    "HighestMonthCount": "4,177",
    "LowestMonth": "Dec-16",
    "LowestMonthCount": "1,151"
  },
  {
    "Duplex": "1,123",
    "A3Usage11x7": 0,
    "CopyUsage": 0,
    "TotalScanUsage": 0,
    "DigitalSendUsage": 0,
    "FaxesReceived": 0,
    "HighestMonth": "Jan-16",
    "HighestMonthCount": "5,544",
    "LowestMonth": "Aug-16",
    "LowestMonthCount": "1,115"
  },
  {
    "Duplex": 2,
    "A3Usage11x7": 0,
    "CopyUsage": 0,
    "TotalScanUsage": 0,
    "DigitalSendUsage": 0,
    "FaxesReceived": 0,
    "HighestMonth": "Oct-16",
    "HighestMonthCount": 192,
    "LowestMonth": "Aug-16",
    "LowestMonthCount": 19
  },
  {
    "Duplex": 105,
    "A3Usage11x7": 0,
    "CopyUsage": 0,
    "TotalScanUsage": 0,
    "DigitalSendUsage": 0,
    "FaxesReceived": 0,
    "HighestMonth": "Mar-16",
    "HighestMonthCount": "1,072",
    "LowestMonth": "Apr-16",
    "LowestMonthCount": 20
  },
  {
    "Duplex": 10,
    "A3Usage11x7": 0,
    "CopyUsage": 0,
    "TotalScanUsage": 0,
    "DigitalSendUsage": 0,
    "FaxesReceived": 0,
    "HighestMonth": "May-16",
    "HighestMonthCount": "2,119",
    "LowestMonth": "Mar-16",
    "LowestMonthCount": 20
  },
  {
    "Duplex": 446,
    "A3Usage11x7": 0,
    "CopyUsage": 0,
    "TotalScanUsage": 0,
    "DigitalSendUsage": 0,
    "FaxesReceived": 0,
    "HighestMonth": "Mar-16",
    "HighestMonthCount": "1,753",
    "LowestMonth": "Dec-16",
    "LowestMonthCount": 394
  },
  {
    "Duplex": 634,
    "A3Usage11x7": 0,
    "CopyUsage": 0,
    "TotalScanUsage": 0,
    "DigitalSendUsage": 0,
    "FaxesReceived": 0,
    "HighestMonth": "Oct-16",
    "HighestMonthCount": "4,990",
    "LowestMonth": "Jul-16",
    "LowestMonthCount": 129
  },
  {
    "Duplex": 469,
    "A3Usage11x7": 0,
    "CopyUsage": 0,
    "TotalScanUsage": 0,
    "DigitalSendUsage": 0,
    "FaxesReceived": 0,
    "HighestMonth": "May-16",
    "HighestMonthCount": "1,735",
    "LowestMonth": "Dec-16",
    "LowestMonthCount": 59
  },
  {
    "Duplex": 106,
    "A3Usage11x7": 0,
    "CopyUsage": 0,
    "TotalScanUsage": 0,
    "DigitalSendUsage": 0,
    "FaxesReceived": 0,
    "HighestMonth": "Apr-16",
    "HighestMonthCount": "2,859",
    "LowestMonth": "Dec-16",
    "LowestMonthCount": 93
  },
  {
    "Duplex": 171,
    "A3Usage11x7": 0,
    "CopyUsage": 0,
    "TotalScanUsage": 0,
    "DigitalSendUsage": 0,
    "FaxesReceived": 0,
    "HighestMonth": "Feb-16",
    "HighestMonthCount": "1,669",
    "LowestMonth": "May-16",
    "LowestMonthCount": 435
  },
  {
    "Duplex": 184,
    "A3Usage11x7": 0,
    "CopyUsage": 0,
    "TotalScanUsage": 0,
    "DigitalSendUsage": 0,
    "FaxesReceived": 0,
    "HighestMonth": "Jan-16",
    "HighestMonthCount": "1,269",
    "LowestMonth": "Dec-16",
    "LowestMonthCount": 46
  },
  {
    "Duplex": 364,
    "A3Usage11x7": 0,
    "CopyUsage": 0,
    "TotalScanUsage": 0,
    "DigitalSendUsage": 0,
    "FaxesReceived": 0,
    "HighestMonth": "Apr-16",
    "HighestMonthCount": "1,830",
    "LowestMonth": "Feb-16",
    "LowestMonthCount": 642
  },
  {
    "Duplex": 91,
    "A3Usage11x7": 0,
    "CopyUsage": 0,
    "TotalScanUsage": 0,
    "DigitalSendUsage": 0,
    "FaxesReceived": 0,
    "HighestMonth": "Oct-16",
    "HighestMonthCount": "4,779",
    "LowestMonth": "May-16",
    "LowestMonthCount": 11
  },
  {
    "Duplex": 453,
    "A3Usage11x7": 0,
    "CopyUsage": 0,
    "TotalScanUsage": 0,
    "DigitalSendUsage": 0,
    "FaxesReceived": 0,
    "HighestMonth": "Mar-16",
    "HighestMonthCount": "2,232",
    "LowestMonth": "Oct-16",
    "LowestMonthCount": 463
  },
  {
    "Duplex": 935,
    "A3Usage11x7": 0,
    "CopyUsage": 0,
    "TotalScanUsage": 0,
    "DigitalSendUsage": 0,
    "FaxesReceived": 0,
    "HighestMonth": "Apr-16",
    "HighestMonthCount": "4,443",
    "LowestMonth": "Jan-16",
    "LowestMonthCount": 225
  },
  {
    "Duplex": 462,
    "A3Usage11x7": 0,
    "CopyUsage": 0,
    "TotalScanUsage": 0,
    "DigitalSendUsage": 0,
    "FaxesReceived": 0,
    "HighestMonth": "Jun-16",
    "HighestMonthCount": "4,807",
    "LowestMonth": "Mar-16",
    "LowestMonthCount": 755
  },
  {
    "Duplex": 32,
    "A3Usage11x7": 0,
    "CopyUsage": 0,
    "TotalScanUsage": 0,
    "DigitalSendUsage": 0,
    "FaxesReceived": 0,
    "HighestMonth": "Apr-16",
    "HighestMonthCount": "2,765",
    "LowestMonth": "Sep-16",
    "LowestMonthCount": 4
  },
  {
    "Duplex": 716,
    "A3Usage11x7": 0,
    "CopyUsage": 0,
    "TotalScanUsage": 0,
    "DigitalSendUsage": 0,
    "FaxesReceived": 0,
    "HighestMonth": "Apr-16",
    "HighestMonthCount": "6,680",
    "LowestMonth": "Oct-16",
    "LowestMonthCount": 46
  },
  {
    "Duplex": 138,
    "A3Usage11x7": 0,
    "CopyUsage": 0,
    "TotalScanUsage": 0,
    "DigitalSendUsage": 0,
    "FaxesReceived": 0,
    "HighestMonth": "Apr-16",
    "HighestMonthCount": "2,520",
    "LowestMonth": "Mar-16",
    "LowestMonthCount": 120
  },
  {
    "Duplex": 141,
    "A3Usage11x7": 0,
    "CopyUsage": 0,
    "TotalScanUsage": 0,
    "DigitalSendUsage": 0,
    "FaxesReceived": 0,
    "HighestMonth": "May-16",
    "HighestMonthCount": "2,040",
    "LowestMonth": "Dec-16",
    "LowestMonthCount": 130
  },
  {
    "Duplex": "1,119",
    "A3Usage11x7": 0,
    "CopyUsage": 0,
    "TotalScanUsage": 0,
    "DigitalSendUsage": 0,
    "FaxesReceived": 0,
    "HighestMonth": "Jun-16",
    "HighestMonthCount": "4,720",
    "LowestMonth": "Nov-16",
    "LowestMonthCount": 124
  },
  {
    "Duplex": 169,
    "A3Usage11x7": 0,
    "CopyUsage": 0,
    "TotalScanUsage": 0,
    "DigitalSendUsage": 0,
    "FaxesReceived": 0,
    "HighestMonth": "Feb-16",
    "HighestMonthCount": "4,898",
    "LowestMonth": "Nov-16",
    "LowestMonthCount": 60
  },
  {
    "Duplex": 175,
    "A3Usage11x7": 0,
    "CopyUsage": 0,
    "TotalScanUsage": 0,
    "DigitalSendUsage": 0,
    "FaxesReceived": 0,
    "HighestMonth": "Jan-16",
    "HighestMonthCount": "5,483",
    "LowestMonth": "Sep-16",
    "LowestMonthCount": 411
  },
  {
    "Duplex": 600,
    "A3Usage11x7": 0,
    "CopyUsage": 0,
    "TotalScanUsage": 0,
    "DigitalSendUsage": 0,
    "FaxesReceived": 0,
    "HighestMonth": "Feb-16",
    "HighestMonthCount": "5,542",
    "LowestMonth": "Sep-16",
    "LowestMonthCount": 884
  },
  {
    "Duplex": 106,
    "A3Usage11x7": 0,
    "CopyUsage": 0,
    "TotalScanUsage": 0,
    "DigitalSendUsage": 0,
    "FaxesReceived": 0,
    "HighestMonth": "Jan-16",
    "HighestMonthCount": "4,138",
    "LowestMonth": "Sep-16",
    "LowestMonthCount": 195
  },
  {
    "Duplex": 141,
    "A3Usage11x7": 0,
    "CopyUsage": 0,
    "TotalScanUsage": 0,
    "DigitalSendUsage": 0,
    "FaxesReceived": 0,
    "HighestMonth": "Feb-16",
    "HighestMonthCount": "3,603",
    "LowestMonth": "Sep-16",
    "LowestMonthCount": 75
  },
  {
    "Duplex": 407,
    "A3Usage11x7": 0,
    "CopyUsage": 0,
    "TotalScanUsage": 0,
    "DigitalSendUsage": 0,
    "FaxesReceived": 0,
    "HighestMonth": "Mar-16",
    "HighestMonthCount": "3,509",
    "LowestMonth": "Apr-16",
    "LowestMonthCount": 70
  },
  {
    "Duplex": 162,
    "A3Usage11x7": 0,
    "CopyUsage": 0,
    "TotalScanUsage": 0,
    "DigitalSendUsage": 0,
    "FaxesReceived": 0,
    "HighestMonth": "Jun-16",
    "HighestMonthCount": "1,224",
    "LowestMonth": "Feb-16",
    "LowestMonthCount": 235
  },
  {
    "Duplex": 127,
    "A3Usage11x7": 0,
    "CopyUsage": 0,
    "TotalScanUsage": 0,
    "DigitalSendUsage": 0,
    "FaxesReceived": 0,
    "HighestMonth": "Mar-16",
    "HighestMonthCount": "2,107",
    "LowestMonth": "Jul-16",
    "LowestMonthCount": 17
  },
  {
    "Duplex": 215,
    "A3Usage11x7": 0,
    "CopyUsage": 0,
    "TotalScanUsage": 0,
    "DigitalSendUsage": 0,
    "FaxesReceived": 0,
    "HighestMonth": "Oct-16",
    "HighestMonthCount": "2,101",
    "LowestMonth": "Jul-16",
    "LowestMonthCount": 223
  },
  {
    "Duplex": 117,
    "A3Usage11x7": 0,
    "CopyUsage": 0,
    "TotalScanUsage": 0,
    "DigitalSendUsage": 0,
    "FaxesReceived": 0,
    "HighestMonth": "Jan-16",
    "HighestMonthCount": 868,
    "LowestMonth": "May-16",
    "LowestMonthCount": 67
  },
  {
    "Duplex": 230,
    "A3Usage11x7": 0,
    "CopyUsage": 0,
    "TotalScanUsage": 0,
    "DigitalSendUsage": 0,
    "FaxesReceived": 0,
    "HighestMonth": "Oct-16",
    "HighestMonthCount": "1,584",
    "LowestMonth": "Apr-16",
    "LowestMonthCount": 101
  },
  {
    "Duplex": 481,
    "A3Usage11x7": 0,
    "CopyUsage": 0,
    "TotalScanUsage": 0,
    "DigitalSendUsage": 0,
    "FaxesReceived": 0,
    "HighestMonth": "Jun-16",
    "HighestMonthCount": "2,351",
    "LowestMonth": "Feb-16",
    "LowestMonthCount": 739
  },
  {
    "Duplex": 78,
    "A3Usage11x7": 0,
    "CopyUsage": 0,
    "TotalScanUsage": 0,
    "DigitalSendUsage": 0,
    "FaxesReceived": 0,
    "HighestMonth": "Mar-16",
    "HighestMonthCount": 648,
    "LowestMonth": "Oct-16",
    "LowestMonthCount": 9
  },
  {
    "Duplex": 216,
    "A3Usage11x7": 0,
    "CopyUsage": 0,
    "TotalScanUsage": 0,
    "DigitalSendUsage": 0,
    "FaxesReceived": 0,
    "HighestMonth": "Apr-16",
    "HighestMonthCount": "1,017",
    "LowestMonth": "Jul-16",
    "LowestMonthCount": 105
  },
  {
    "Duplex": 28,
    "A3Usage11x7": 0,
    "CopyUsage": 0,
    "TotalScanUsage": 0,
    "DigitalSendUsage": 0,
    "FaxesReceived": 0,
    "HighestMonth": "Sep-16",
    "HighestMonthCount": 606,
    "LowestMonth": "Nov-16",
    "LowestMonthCount": 26
  },
  {
    "Duplex": 154,
    "A3Usage11x7": 0,
    "CopyUsage": 0,
    "TotalScanUsage": 0,
    "DigitalSendUsage": 0,
    "FaxesReceived": 0,
    "HighestMonth": "Oct-16",
    "HighestMonthCount": "5,126",
    "LowestMonth": "Mar-16",
    "LowestMonthCount": 73
  },
  {
    "Duplex": 251,
    "A3Usage11x7": 0,
    "CopyUsage": 0,
    "TotalScanUsage": 0,
    "DigitalSendUsage": 0,
    "FaxesReceived": 0,
    "HighestMonth": "Jan-16",
    "HighestMonthCount": "1,924",
    "LowestMonth": "Aug-16",
    "LowestMonthCount": 81
  },
  {
    "Duplex": 414,
    "A3Usage11x7": 0,
    "CopyUsage": 0,
    "TotalScanUsage": 0,
    "DigitalSendUsage": 0,
    "FaxesReceived": 0,
    "HighestMonth": "Oct-16",
    "HighestMonthCount": "11,477",
    "LowestMonth": "Aug-16",
    "LowestMonthCount": 108
  },
  {
    "Duplex": 197,
    "A3Usage11x7": 0,
    "CopyUsage": 0,
    "TotalScanUsage": 0,
    "DigitalSendUsage": 0,
    "FaxesReceived": 0,
    "HighestMonth": "Oct-16",
    "HighestMonthCount": "3,988",
    "LowestMonth": "Apr-16",
    "LowestMonthCount": 158
  },
  {
    "Duplex": 125,
    "A3Usage11x7": 0,
    "CopyUsage": 0,
    "TotalScanUsage": 0,
    "DigitalSendUsage": 0,
    "FaxesReceived": 0,
    "HighestMonth": "Oct-16",
    "HighestMonthCount": "1,427",
    "LowestMonth": "May-16",
    "LowestMonthCount": 2
  },
  {
    "Duplex": 258,
    "A3Usage11x7": 0,
    "CopyUsage": 0,
    "TotalScanUsage": 0,
    "DigitalSendUsage": 0,
    "FaxesReceived": 0,
    "HighestMonth": "Nov-16",
    "HighestMonthCount": "4,152",
    "LowestMonth": "Jul-16",
    "LowestMonthCount": 6
  },
  {
    "Duplex": 400,
    "A3Usage11x7": 0,
    "CopyUsage": 0,
    "TotalScanUsage": 0,
    "DigitalSendUsage": 0,
    "FaxesReceived": 0,
    "HighestMonth": "Nov-16",
    "HighestMonthCount": "1,016",
    "LowestMonth": "Mar-16",
    "LowestMonthCount": 36
  },
  {
    "Duplex": 108,
    "A3Usage11x7": 0,
    "CopyUsage": 0,
    "TotalScanUsage": 0,
    "DigitalSendUsage": 0,
    "FaxesReceived": 0,
    "HighestMonth": "Feb-16",
    "HighestMonthCount": 821,
    "LowestMonth": "Oct-16",
    "LowestMonthCount": 43
  },
  {
    "Duplex": 142,
    "A3Usage11x7": 0,
    "CopyUsage": 0,
    "TotalScanUsage": 0,
    "DigitalSendUsage": 0,
    "FaxesReceived": 0,
    "HighestMonth": "Jun-16",
    "HighestMonthCount": "1,966",
    "LowestMonth": "Feb-16",
    "LowestMonthCount": 152
  },
  {
    "Duplex": 38,
    "A3Usage11x7": 0,
    "CopyUsage": 0,
    "TotalScanUsage": 0,
    "DigitalSendUsage": 0,
    "FaxesReceived": 0,
    "HighestMonth": "Jul-16",
    "HighestMonthCount": "3,040",
    "LowestMonth": "Feb-16",
    "LowestMonthCount": 11
  },
  {
    "Duplex": 53,
    "A3Usage11x7": 0,
    "CopyUsage": 0,
    "TotalScanUsage": 0,
    "DigitalSendUsage": 0,
    "FaxesReceived": 0,
    "HighestMonth": "Jul-16",
    "HighestMonthCount": 350,
    "LowestMonth": "Nov-16",
    "LowestMonthCount": 27
  },
  {
    "Duplex": 576,
    "A3Usage11x7": 0,
    "CopyUsage": 0,
    "TotalScanUsage": 0,
    "DigitalSendUsage": 0,
    "FaxesReceived": 0,
    "HighestMonth": "Jun-16",
    "HighestMonthCount": "5,813",
    "LowestMonth": "Feb-16",
    "LowestMonthCount": 823
  },
  {
    "Duplex": 671,
    "A3Usage11x7": 0,
    "CopyUsage": 0,
    "TotalScanUsage": 0,
    "DigitalSendUsage": 0,
    "FaxesReceived": 0,
    "HighestMonth": "Feb-16",
    "HighestMonthCount": "3,568",
    "LowestMonth": "May-16",
    "LowestMonthCount": 239
  },
  {
    "Duplex": 280,
    "A3Usage11x7": 0,
    "CopyUsage": 0,
    "TotalScanUsage": 0,
    "DigitalSendUsage": 0,
    "FaxesReceived": 0,
    "HighestMonth": "Apr-16",
    "HighestMonthCount": "5,752",
    "LowestMonth": "Dec-16",
    "LowestMonthCount": 306
  },
  {
    "Duplex": 493,
    "A3Usage11x7": 0,
    "CopyUsage": 0,
    "TotalScanUsage": 0,
    "DigitalSendUsage": 0,
    "FaxesReceived": 0,
    "HighestMonth": "Mar-16",
    "HighestMonthCount": "2,910",
    "LowestMonth": "Aug-16",
    "LowestMonthCount": 76
  },
  {
    "Duplex": 251,
    "A3Usage11x7": 0,
    "CopyUsage": 0,
    "TotalScanUsage": 0,
    "DigitalSendUsage": 0,
    "FaxesReceived": 0,
    "HighestMonth": "Jan-16",
    "HighestMonthCount": "4,684",
    "LowestMonth": "Dec-16",
    "LowestMonthCount": 90
  },
  {
    "Duplex": 227,
    "A3Usage11x7": 0,
    "CopyUsage": 0,
    "TotalScanUsage": 0,
    "DigitalSendUsage": 0,
    "FaxesReceived": 0,
    "HighestMonth": "May-16",
    "HighestMonthCount": "1,069",
    "LowestMonth": "Oct-16",
    "LowestMonthCount": 124
  },
  {
    "Duplex": 94,
    "A3Usage11x7": 0,
    "CopyUsage": 0,
    "TotalScanUsage": 0,
    "DigitalSendUsage": 0,
    "FaxesReceived": 0,
    "HighestMonth": "Feb-16",
    "HighestMonthCount": "1,524",
    "LowestMonth": "Jul-16",
    "LowestMonthCount": 133
  },
  {
    "Duplex": 568,
    "A3Usage11x7": 0,
    "CopyUsage": 0,
    "TotalScanUsage": 0,
    "DigitalSendUsage": 0,
    "FaxesReceived": 0,
    "HighestMonth": "Aug-16",
    "HighestMonthCount": "3,122",
    "LowestMonth": "Feb-16",
    "LowestMonthCount": 510
  },
  {
    "Duplex": 34,
    "A3Usage11x7": 0,
    "CopyUsage": 0,
    "TotalScanUsage": 0,
    "DigitalSendUsage": 0,
    "FaxesReceived": 0,
    "HighestMonth": "Jan-16",
    "HighestMonthCount": 267,
    "LowestMonth": "May-16",
    "LowestMonthCount": 1
  },
  {
    "Duplex": 67,
    "A3Usage11x7": 0,
    "CopyUsage": 0,
    "TotalScanUsage": 0,
    "DigitalSendUsage": 0,
    "FaxesReceived": 0,
    "HighestMonth": "Nov-16",
    "HighestMonthCount": "1,229",
    "LowestMonth": "Jan-16",
    "LowestMonthCount": 80
  },
  {
    "Duplex": "3,547",
    "A3Usage11x7": 0,
    "CopyUsage": "2,438",
    "TotalScanUsage": "3,626",
    "DigitalSendUsage": 0,
    "FaxesReceived": 0,
    "HighestMonth": "Mar-16",
    "HighestMonthCount": "18,219",
    "LowestMonth": "Jan-16",
    "LowestMonthCount": "8,857"
  },
  {
    "Duplex": "3,102",
    "A3Usage11x7": 0,
    "CopyUsage": 276,
    "TotalScanUsage": 683,
    "DigitalSendUsage": 0,
    "FaxesReceived": 0,
    "HighestMonth": "Mar-16",
    "HighestMonthCount": "40,462",
    "LowestMonth": "Oct-16",
    "LowestMonthCount": "2,508"
  },
  {
    "Duplex": 222,
    "A3Usage11x7": 0,
    "CopyUsage": 0,
    "TotalScanUsage": 0,
    "DigitalSendUsage": 0,
    "FaxesReceived": 0,
    "HighestMonth": "Dec-16",
    "HighestMonthCount": "4,426",
    "LowestMonth": "Jun-16",
    "LowestMonthCount": 245
  },
  {
    "Duplex": 573,
    "A3Usage11x7": 0,
    "CopyUsage": 0,
    "TotalScanUsage": 0,
    "DigitalSendUsage": 0,
    "FaxesReceived": 0,
    "HighestMonth": "Oct-16",
    "HighestMonthCount": "3,727",
    "LowestMonth": "Apr-16",
    "LowestMonthCount": 198
  },
  {
    "Duplex": 116,
    "A3Usage11x7": 0,
    "CopyUsage": 0,
    "TotalScanUsage": 0,
    "DigitalSendUsage": 0,
    "FaxesReceived": 0,
    "HighestMonth": "Jul-16",
    "HighestMonthCount": "7,051",
    "LowestMonth": "Sep-16",
    "LowestMonthCount": 87
  },
  {
    "Duplex": 717,
    "A3Usage11x7": 0,
    "CopyUsage": 0,
    "TotalScanUsage": 0,
    "DigitalSendUsage": 0,
    "FaxesReceived": 0,
    "HighestMonth": "Jun-16",
    "HighestMonthCount": "3,274",
    "LowestMonth": "Nov-16",
    "LowestMonthCount": 140
  },
  {
    "Duplex": 414,
    "A3Usage11x7": 0,
    "CopyUsage": 0,
    "TotalScanUsage": 0,
    "DigitalSendUsage": 0,
    "FaxesReceived": 0,
    "HighestMonth": "Oct-16",
    "HighestMonthCount": "10,732",
    "LowestMonth": "Feb-16",
    "LowestMonthCount": 755
  },
  {
    "Duplex": 82,
    "A3Usage11x7": 0,
    "CopyUsage": 0,
    "TotalScanUsage": 0,
    "DigitalSendUsage": 0,
    "FaxesReceived": 0,
    "HighestMonth": "Oct-16",
    "HighestMonthCount": "13,819",
    "LowestMonth": "Feb-16",
    "LowestMonthCount": 6
  },
  {
    "Duplex": 1,
    "A3Usage11x7": 0,
    "CopyUsage": 0,
    "TotalScanUsage": 0,
    "DigitalSendUsage": 0,
    "FaxesReceived": 0,
    "HighestMonth": "Jun-16",
    "HighestMonthCount": 77,
    "LowestMonth": "Apr-16",
    "LowestMonthCount": 3
  },
  {
    "Duplex": 91,
    "A3Usage11x7": 0,
    "CopyUsage": 0,
    "TotalScanUsage": 0,
    "DigitalSendUsage": 0,
    "FaxesReceived": 0,
    "HighestMonth": "Sep-16",
    "HighestMonthCount": "2,960",
    "LowestMonth": "Mar-16",
    "LowestMonthCount": 213
  },
  {
    "Duplex": 136,
    "A3Usage11x7": 0,
    "CopyUsage": 0,
    "TotalScanUsage": 0,
    "DigitalSendUsage": 0,
    "FaxesReceived": 0,
    "HighestMonth": "Mar-16",
    "HighestMonthCount": "4,393",
    "LowestMonth": "Jun-16",
    "LowestMonthCount": 97
  },
  {
    "Duplex": 230,
    "A3Usage11x7": 0,
    "CopyUsage": 0,
    "TotalScanUsage": 0,
    "DigitalSendUsage": 0,
    "FaxesReceived": 0,
    "HighestMonth": "Apr-16",
    "HighestMonthCount": "1,562",
    "LowestMonth": "Jan-16",
    "LowestMonthCount": 97
  },
  {
    "Duplex": "1,003",
    "A3Usage11x7": 0,
    "CopyUsage": 0,
    "TotalScanUsage": 0,
    "DigitalSendUsage": 0,
    "FaxesReceived": 0,
    "HighestMonth": "Apr-16",
    "HighestMonthCount": "2,644",
    "LowestMonth": "Mar-16",
    "LowestMonthCount": 62
  },
  {
    "Duplex": 40,
    "A3Usage11x7": 0,
    "CopyUsage": 0,
    "TotalScanUsage": 0,
    "DigitalSendUsage": 0,
    "FaxesReceived": 0,
    "HighestMonth": "Jun-16",
    "HighestMonthCount": "1,791",
    "LowestMonth": "Aug-16",
    "LowestMonthCount": 150
  },
  {
    "Duplex": 168,
    "A3Usage11x7": 0,
    "CopyUsage": 0,
    "TotalScanUsage": 0,
    "DigitalSendUsage": 0,
    "FaxesReceived": 0,
    "HighestMonth": "Mar-16",
    "HighestMonthCount": "2,163",
    "LowestMonth": "Oct-16",
    "LowestMonthCount": 273
  },
  {
    "Duplex": "2,528",
    "A3Usage11x7": 0,
    "CopyUsage": 228,
    "TotalScanUsage": 856,
    "DigitalSendUsage": 0,
    "FaxesReceived": 0,
    "HighestMonth": "May-16",
    "HighestMonthCount": "15,847",
    "LowestMonth": "Aug-16",
    "LowestMonthCount": "6,510"
  },
  {
    "Duplex": "2,368",
    "A3Usage11x7": 0,
    "CopyUsage": "1,810",
    "TotalScanUsage": "2,923",
    "DigitalSendUsage": 0,
    "FaxesReceived": 0,
    "HighestMonth": "Mar-16",
    "HighestMonthCount": "27,461",
    "LowestMonth": "Sep-16",
    "LowestMonthCount": "3,302"
  },
  {
    "Duplex": "1,770",
    "A3Usage11x7": 0,
    "CopyUsage": "1,892",
    "TotalScanUsage": "3,859",
    "DigitalSendUsage": 0,
    "FaxesReceived": 0,
    "HighestMonth": "Mar-16",
    "HighestMonthCount": "16,009",
    "LowestMonth": "Oct-16",
    "LowestMonthCount": "10,275"
  },
  {
    "Duplex": "4,484",
    "A3Usage11x7": 0,
    "CopyUsage": 249,
    "TotalScanUsage": 735,
    "DigitalSendUsage": 0,
    "FaxesReceived": 0,
    "HighestMonth": "Apr-16",
    "HighestMonthCount": "26,965",
    "LowestMonth": "Mar-16",
    "LowestMonthCount": 125
  },
  {
    "Duplex": 390,
    "A3Usage11x7": 0,
    "CopyUsage": 0,
    "TotalScanUsage": 0,
    "DigitalSendUsage": 0,
    "FaxesReceived": 0,
    "HighestMonth": "Feb-16",
    "HighestMonthCount": "1,136",
    "LowestMonth": "Aug-16",
    "LowestMonthCount": 235
  },
  {
    "Duplex": 234,
    "A3Usage11x7": 0,
    "CopyUsage": 0,
    "TotalScanUsage": 0,
    "DigitalSendUsage": 0,
    "FaxesReceived": 0,
    "HighestMonth": "Mar-16",
    "HighestMonthCount": "5,687",
    "LowestMonth": "Oct-16",
    "LowestMonthCount": 2
  },
  {
    "Duplex": "1,750",
    "A3Usage11x7": 0,
    "CopyUsage": 232,
    "TotalScanUsage": 447,
    "DigitalSendUsage": 0,
    "FaxesReceived": 0,
    "HighestMonth": "Mar-16",
    "HighestMonthCount": "18,827",
    "LowestMonth": "Dec-16",
    "LowestMonthCount": 28
  }
]