[
  {
    "UsageSumryLast12mTotalColorColorPro": "1,867",
    "UsageSumryTotalMonoColorAccent": "2,176",
    "UsageSumryTotalPages": "4,043",
    "UsageSumryTotalCountToDate": "204,415",
    "UsageSumryMonthlyAverage": "5,241",
    "UsageSumryProjectedTotalCount": "289,318",
    "UsageSumryPercentofDeviceMaximumVolume": "8.09%",
    "UsageSumryPercentofContractedTargetVolume": "14.70%"
  },
  {
    "UsageSumryLast12mTotalColorColorPro": "4,307",
    "UsageSumryTotalMonoColorAccent": "3,535",
    "UsageSumryTotalPages": "7,842",
    "UsageSumryTotalCountToDate": "277,335",
    "UsageSumryMonthlyAverage": "7,111",
    "UsageSumryProjectedTotalCount": "442,017",
    "UsageSumryPercentofDeviceMaximumVolume": "15.68%",
    "UsageSumryPercentofContractedTargetVolume": "28.52%"
  },
  {
    "UsageSumryLast12mTotalColorColorPro": "2,024",
    "UsageSumryTotalMonoColorAccent": "1,351",
    "UsageSumryTotalPages": "3,375",
    "UsageSumryTotalCountToDate": "402,263",
    "UsageSumryMonthlyAverage": "10,314",
    "UsageSumryProjectedTotalCount": "473,138",
    "UsageSumryPercentofDeviceMaximumVolume": "33.75%",
    "UsageSumryPercentofContractedTargetVolume": "54.00%"
  },
  {
    "UsageSumryLast12mTotalColorColorPro": "2,458",
    "UsageSumryTotalMonoColorAccent": "2,214",
    "UsageSumryTotalPages": "4,672",
    "UsageSumryTotalCountToDate": "323,573",
    "UsageSumryMonthlyAverage": "8,297",
    "UsageSumryProjectedTotalCount": "421,685",
    "UsageSumryPercentofDeviceMaximumVolume": "9.34%",
    "UsageSumryPercentofContractedTargetVolume": "16.99%"
  },
  {
    "UsageSumryLast12mTotalColorColorPro": "7,350",
    "UsageSumryTotalMonoColorAccent": "5,322",
    "UsageSumryTotalPages": "12,672",
    "UsageSumryTotalCountToDate": "603,488",
    "UsageSumryMonthlyAverage": "15,474",
    "UsageSumryProjectedTotalCount": "869,600",
    "UsageSumryPercentofDeviceMaximumVolume": "25.34%",
    "UsageSumryPercentofContractedTargetVolume": "46.08%"
  },
  {
    "UsageSumryLast12mTotalColorColorPro": "2,735",
    "UsageSumryTotalMonoColorAccent": "1,339",
    "UsageSumryTotalPages": "4,074",
    "UsageSumryTotalCountToDate": "301,857",
    "UsageSumryMonthlyAverage": "7,740",
    "UsageSumryProjectedTotalCount": "387,411",
    "UsageSumryPercentofDeviceMaximumVolume": "8.15%",
    "UsageSumryPercentofContractedTargetVolume": "14.81%"
  },
  {
    "UsageSumryLast12mTotalColorColorPro": "1,951",
    "UsageSumryTotalMonoColorAccent": "1,870",
    "UsageSumryTotalPages": "3,821",
    "UsageSumryTotalCountToDate": "220,044",
    "UsageSumryMonthlyAverage": "5,642",
    "UsageSumryProjectedTotalCount": "300,285",
    "UsageSumryPercentofDeviceMaximumVolume": "7.64%",
    "UsageSumryPercentofContractedTargetVolume": "13.89%"
  },
  {
    "UsageSumryLast12mTotalColorColorPro": "3,813",
    "UsageSumryTotalMonoColorAccent": "4,932",
    "UsageSumryTotalPages": "8,744",
    "UsageSumryTotalCountToDate": "479,037",
    "UsageSumryMonthlyAverage": "12,283",
    "UsageSumryProjectedTotalCount": "662,661",
    "UsageSumryPercentofDeviceMaximumVolume": "17.49%",
    "UsageSumryPercentofContractedTargetVolume": "31.80%"
  },
  {
    "UsageSumryLast12mTotalColorColorPro": "1,595",
    "UsageSumryTotalMonoColorAccent": "3,438",
    "UsageSumryTotalPages": "5,033",
    "UsageSumryTotalCountToDate": "458,264",
    "UsageSumryMonthlyAverage": "11,750",
    "UsageSumryProjectedTotalCount": "563,957",
    "UsageSumryPercentofDeviceMaximumVolume": "10.07%",
    "UsageSumryPercentofContractedTargetVolume": "18.30%"
  },
  {
    "UsageSumryLast12mTotalColorColorPro": "3,684",
    "UsageSumryTotalMonoColorAccent": "9,350",
    "UsageSumryTotalPages": "13,034",
    "UsageSumryTotalCountToDate": "792,327",
    "UsageSumryMonthlyAverage": "20,316",
    "UsageSumryProjectedTotalCount": "1,066,041",
    "UsageSumryPercentofDeviceMaximumVolume": "26.07%",
    "UsageSumryPercentofContractedTargetVolume": "47.40%"
  },
  {
    "UsageSumryLast12mTotalColorColorPro": "3,859",
    "UsageSumryTotalMonoColorAccent": "1,907",
    "UsageSumryTotalPages": "5,766",
    "UsageSumryTotalCountToDate": "284,441",
    "UsageSumryMonthlyAverage": "7,293",
    "UsageSumryProjectedTotalCount": "405,527",
    "UsageSumryPercentofDeviceMaximumVolume": "11.53%",
    "UsageSumryPercentofContractedTargetVolume": "20.97%"
  },
  {
    "UsageSumryLast12mTotalColorColorPro": "6,252",
    "UsageSumryTotalMonoColorAccent": "4,239",
    "UsageSumryTotalPages": "10,490",
    "UsageSumryTotalCountToDate": "632,572",
    "UsageSumryMonthlyAverage": "16,220",
    "UsageSumryProjectedTotalCount": "852,862",
    "UsageSumryPercentofDeviceMaximumVolume": "20.98%",
    "UsageSumryPercentofContractedTargetVolume": "38.15%"
  },
  {
    "UsageSumryLast12mTotalColorColorPro": 0,
    "UsageSumryTotalMonoColorAccent": 365,
    "UsageSumryTotalPages": 365,
    "UsageSumryTotalCountToDate": "67,026",
    "UsageSumryMonthlyAverage": "1,719",
    "UsageSumryProjectedTotalCount": "74,691",
    "UsageSumryPercentofDeviceMaximumVolume": "7.30%",
    "UsageSumryPercentofContractedTargetVolume": "11.23%"
  },
  {
    "UsageSumryLast12mTotalColorColorPro": 0,
    "UsageSumryTotalMonoColorAccent": 374,
    "UsageSumryTotalPages": 374,
    "UsageSumryTotalCountToDate": "203,532",
    "UsageSumryMonthlyAverage": "5,219",
    "UsageSumryProjectedTotalCount": "211,386",
    "UsageSumryPercentofDeviceMaximumVolume": "7.48%",
    "UsageSumryPercentofContractedTargetVolume": "11.51%"
  },
  {
    "UsageSumryLast12mTotalColorColorPro": 0,
    "UsageSumryTotalMonoColorAccent": "1,266",
    "UsageSumryTotalPages": "1,266",
    "UsageSumryTotalCountToDate": "55,851",
    "UsageSumryMonthlyAverage": "1,432",
    "UsageSumryProjectedTotalCount": "82,437",
    "UsageSumryPercentofDeviceMaximumVolume": "25.32%",
    "UsageSumryPercentofContractedTargetVolume": "38.95%"
  },
  {
    "UsageSumryLast12mTotalColorColorPro": "2,151",
    "UsageSumryTotalMonoColorAccent": "2,938",
    "UsageSumryTotalPages": "5,089",
    "UsageSumryTotalCountToDate": "330,459",
    "UsageSumryMonthlyAverage": "8,473",
    "UsageSumryProjectedTotalCount": "437,328",
    "UsageSumryPercentofDeviceMaximumVolume": "101.78%",
    "UsageSumryPercentofContractedTargetVolume": "156.58%"
  },
  {
    "UsageSumryLast12mTotalColorColorPro": "1,011",
    "UsageSumryTotalMonoColorAccent": "2,813",
    "UsageSumryTotalPages": "3,824",
    "UsageSumryTotalCountToDate": "391,317",
    "UsageSumryMonthlyAverage": "10,034",
    "UsageSumryProjectedTotalCount": "471,621",
    "UsageSumryPercentofDeviceMaximumVolume": "76.48%",
    "UsageSumryPercentofContractedTargetVolume": "117.66%"
  },
  {
    "UsageSumryLast12mTotalColorColorPro": "1,257",
    "UsageSumryTotalMonoColorAccent": "1,788",
    "UsageSumryTotalPages": "3,045",
    "UsageSumryTotalCountToDate": "254,003",
    "UsageSumryMonthlyAverage": "6,513",
    "UsageSumryProjectedTotalCount": "317,948",
    "UsageSumryPercentofDeviceMaximumVolume": "60.90%",
    "UsageSumryPercentofContractedTargetVolume": "93.69%"
  },
  {
    "UsageSumryLast12mTotalColorColorPro": 0,
    "UsageSumryTotalMonoColorAccent": 803,
    "UsageSumryTotalPages": 803,
    "UsageSumryTotalCountToDate": "187,221",
    "UsageSumryMonthlyAverage": "4,801",
    "UsageSumryProjectedTotalCount": "204,084",
    "UsageSumryPercentofDeviceMaximumVolume": "16.06%",
    "UsageSumryPercentofContractedTargetVolume": "24.71%"
  },
  {
    "UsageSumryLast12mTotalColorColorPro": "4,700",
    "UsageSumryTotalMonoColorAccent": "6,869",
    "UsageSumryTotalPages": "11,569",
    "UsageSumryTotalCountToDate": "765,791",
    "UsageSumryMonthlyAverage": "19,636",
    "UsageSumryProjectedTotalCount": "1,008,740",
    "UsageSumryPercentofDeviceMaximumVolume": "231.38%",
    "UsageSumryPercentofContractedTargetVolume": "355.97%"
  },
  {
    "UsageSumryLast12mTotalColorColorPro": "4,206",
    "UsageSumryTotalMonoColorAccent": "7,353",
    "UsageSumryTotalPages": "11,559",
    "UsageSumryTotalCountToDate": "937,563",
    "UsageSumryMonthlyAverage": "24,040",
    "UsageSumryProjectedTotalCount": "1,180,302",
    "UsageSumryPercentofDeviceMaximumVolume": "231.18%",
    "UsageSumryPercentofContractedTargetVolume": "355.66%"
  },
  {
    "UsageSumryLast12mTotalColorColorPro": "1,241",
    "UsageSumryTotalMonoColorAccent": 802,
    "UsageSumryTotalPages": "2,044",
    "UsageSumryTotalCountToDate": "591,263",
    "UsageSumryMonthlyAverage": "15,161",
    "UsageSumryProjectedTotalCount": "634,187",
    "UsageSumryPercentofDeviceMaximumVolume": "40.88%",
    "UsageSumryPercentofContractedTargetVolume": "62.89%"
  },
  {
    "UsageSumryLast12mTotalColorColorPro": "1,517",
    "UsageSumryTotalMonoColorAccent": "2,397",
    "UsageSumryTotalPages": "3,913",
    "UsageSumryTotalCountToDate": "155,448",
    "UsageSumryMonthlyAverage": "3,986",
    "UsageSumryProjectedTotalCount": "237,621",
    "UsageSumryPercentofDeviceMaximumVolume": "7.83%",
    "UsageSumryPercentofContractedTargetVolume": "14.23%"
  },
  {
    "UsageSumryLast12mTotalColorColorPro": "2,336",
    "UsageSumryTotalMonoColorAccent": "4,531",
    "UsageSumryTotalPages": "6,868",
    "UsageSumryTotalCountToDate": "359,994",
    "UsageSumryMonthlyAverage": "9,231",
    "UsageSumryProjectedTotalCount": "504,222",
    "UsageSumryPercentofDeviceMaximumVolume": "13.74%",
    "UsageSumryPercentofContractedTargetVolume": "24.97%"
  },
  {
    "UsageSumryLast12mTotalColorColorPro": "3,723",
    "UsageSumryTotalMonoColorAccent": "3,932",
    "UsageSumryTotalPages": "7,655",
    "UsageSumryTotalCountToDate": "140,693",
    "UsageSumryMonthlyAverage": "3,608",
    "UsageSumryProjectedTotalCount": "301,448",
    "UsageSumryPercentofDeviceMaximumVolume": "15.31%",
    "UsageSumryPercentofContractedTargetVolume": "27.84%"
  },
  {
    "UsageSumryLast12mTotalColorColorPro": "3,743",
    "UsageSumryTotalMonoColorAccent": "4,806",
    "UsageSumryTotalPages": "8,549",
    "UsageSumryTotalCountToDate": "127,217",
    "UsageSumryMonthlyAverage": "3,262",
    "UsageSumryProjectedTotalCount": "306,746",
    "UsageSumryPercentofDeviceMaximumVolume": "17.10%",
    "UsageSumryPercentofContractedTargetVolume": "31.09%"
  },
  {
    "UsageSumryLast12mTotalColorColorPro": "1,930",
    "UsageSumryTotalMonoColorAccent": "2,748",
    "UsageSumryTotalPages": "4,678",
    "UsageSumryTotalCountToDate": "165,381",
    "UsageSumryMonthlyAverage": "4,241",
    "UsageSumryProjectedTotalCount": "263,619",
    "UsageSumryPercentofDeviceMaximumVolume": "9.36%",
    "UsageSumryPercentofContractedTargetVolume": "17.01%"
  },
  {
    "UsageSumryLast12mTotalColorColorPro": "3,455",
    "UsageSumryTotalMonoColorAccent": "5,139",
    "UsageSumryTotalPages": "8,594",
    "UsageSumryTotalCountToDate": "607,680",
    "UsageSumryMonthlyAverage": "15,582",
    "UsageSumryProjectedTotalCount": "788,154",
    "UsageSumryPercentofDeviceMaximumVolume": "17.19%",
    "UsageSumryPercentofContractedTargetVolume": "31.25%"
  },
  {
    "UsageSumryLast12mTotalColorColorPro": 693,
    "UsageSumryTotalMonoColorAccent": "1,435",
    "UsageSumryTotalPages": "2,128",
    "UsageSumryTotalCountToDate": "219,648",
    "UsageSumryMonthlyAverage": "5,632",
    "UsageSumryProjectedTotalCount": "264,336",
    "UsageSumryPercentofDeviceMaximumVolume": "4.26%",
    "UsageSumryPercentofContractedTargetVolume": "7.74%"
  },
  {
    "UsageSumryLast12mTotalColorColorPro": "2,383",
    "UsageSumryTotalMonoColorAccent": "4,453",
    "UsageSumryTotalPages": "6,837",
    "UsageSumryTotalCountToDate": "510,254",
    "UsageSumryMonthlyAverage": "13,083",
    "UsageSumryProjectedTotalCount": "653,831",
    "UsageSumryPercentofDeviceMaximumVolume": "13.67%",
    "UsageSumryPercentofContractedTargetVolume": "24.86%"
  },
  {
    "UsageSumryLast12mTotalColorColorPro": "1,312",
    "UsageSumryTotalMonoColorAccent": "1,493",
    "UsageSumryTotalPages": "2,806",
    "UsageSumryTotalCountToDate": "160,580",
    "UsageSumryMonthlyAverage": "4,117",
    "UsageSumryProjectedTotalCount": "219,506",
    "UsageSumryPercentofDeviceMaximumVolume": "5.61%",
    "UsageSumryPercentofContractedTargetVolume": "10.20%"
  },
  {
    "UsageSumryLast12mTotalColorColorPro": "4,245",
    "UsageSumryTotalMonoColorAccent": "3,246",
    "UsageSumryTotalPages": "7,492",
    "UsageSumryTotalCountToDate": "526,448",
    "UsageSumryMonthlyAverage": "13,499",
    "UsageSumryProjectedTotalCount": "683,780",
    "UsageSumryPercentofDeviceMaximumVolume": "14.98%",
    "UsageSumryPercentofContractedTargetVolume": "27.24%"
  },
  {
    "UsageSumryLast12mTotalColorColorPro": "1,208",
    "UsageSumryTotalMonoColorAccent": "1,313",
    "UsageSumryTotalPages": "2,521",
    "UsageSumryTotalCountToDate": "186,255",
    "UsageSumryMonthlyAverage": "4,776",
    "UsageSumryProjectedTotalCount": "239,196",
    "UsageSumryPercentofDeviceMaximumVolume": "5.04%",
    "UsageSumryPercentofContractedTargetVolume": "9.17%"
  },
  {
    "UsageSumryLast12mTotalColorColorPro": 966,
    "UsageSumryTotalMonoColorAccent": 853,
    "UsageSumryTotalPages": "1,819",
    "UsageSumryTotalCountToDate": "87,764",
    "UsageSumryMonthlyAverage": "2,250",
    "UsageSumryProjectedTotalCount": "125,963",
    "UsageSumryPercentofDeviceMaximumVolume": "3.64%",
    "UsageSumryPercentofContractedTargetVolume": "6.61%"
  },
  {
    "UsageSumryLast12mTotalColorColorPro": "1,726",
    "UsageSumryTotalMonoColorAccent": "1,926",
    "UsageSumryTotalPages": "3,652",
    "UsageSumryTotalCountToDate": "260,068",
    "UsageSumryMonthlyAverage": "6,668",
    "UsageSumryProjectedTotalCount": "336,760",
    "UsageSumryPercentofDeviceMaximumVolume": "7.30%",
    "UsageSumryPercentofContractedTargetVolume": "13.28%"
  },
  {
    "UsageSumryLast12mTotalColorColorPro": 0,
    "UsageSumryTotalMonoColorAccent": "1,581",
    "UsageSumryTotalPages": "1,581",
    "UsageSumryTotalCountToDate": "76,753",
    "UsageSumryMonthlyAverage": "1,968",
    "UsageSumryProjectedTotalCount": "109,954",
    "UsageSumryPercentofDeviceMaximumVolume": "31.62%",
    "UsageSumryPercentofContractedTargetVolume": "48.65%"
  }
]