[
  {
    "Key": "Baseline Value",
    "CurrentValue": 0.0,
    "WarningCriteria": "> 0 and < 0.26  CAD",
    "IsWarning": false
  },
  {
    "Key": "Blended Cost Per Page (All)",
    "CurrentValue": 0.30967,
    "WarningCriteria": "> 0 and < 0.13  CAD",
    "IsWarning": true
  },
  {
    "Key": "Blended Cost Per Page (Mono)",
    "CurrentValue": 0.1853,
    "WarningCriteria": "> 0 and < 0.13  CAD",
    "IsWarning": true
  },
  {
    "Key": "Blended Cost Per Page (Color)",
    "CurrentValue": 0.57714,
    "WarningCriteria": "> 0 and < 0.26  CAD",
    "IsWarning": true
  },
  {
    "Key": "Mono (All Devices)",
    "CurrentValue": 0.05,
    "WarningCriteria": "> 0 and < 0.13  CAD",
    "IsWarning": true
  },
  {
    "Key": "Mono on Mono Devices",
    "CurrentValue": 0.05,
    "WarningCriteria": "> 0 and < 0.13  CAD",
    "IsWarning": true
  },
  {
    "Key": "Mono On Color Devices",
    "CurrentValue": 0.05,
    "WarningCriteria": "> 0 and < 0.26  CAD",
    "IsWarning": true
  },
  {
    "Key": "Color Devices",
    "CurrentValue": 0.44,
    "WarningCriteria": "> 0 and < 0.26  CAD",
    "IsWarning": true
  },
  {
    "Key": "Total Cost of Ownership Section",
    "CurrentValue": 0.0,
    "WarningCriteria": "> 0  CAD",
    "IsWarning": true
  },
  {
    "Key": "Color Usage Section",
    "CurrentValue": 0.0,
    "WarningCriteria": "> 0  CAD",
    "IsWarning": true
  },
  {
    "Key": "Mono On Color Usage Section",
    "CurrentValue": 0.0,
    "WarningCriteria": "> 0  CAD",
    "IsWarning": true
  },
  {
    "Key": "Duplex Usage Section",
    "CurrentValue": 0.0,
    "WarningCriteria": "> 0  CAD",
    "IsWarning": true
  },
  {
    "Key": "Mono Printer Utilization",
    "CurrentValue": 0.0,
    "WarningCriteria": "> 0 and < 200%",
    "IsWarning": true
  },
  {
    "Key": "Color Printer Utilization",
    "CurrentValue": 0.0,
    "WarningCriteria": "> 0 and < 200%",
    "IsWarning": true
  },
  {
    "Key": "Mono MFP Utilization",
    "CurrentValue": 30.7,
    "WarningCriteria": "> 0 and < 200%",
    "IsWarning": true
  },
  {
    "Key": "Color MFP Utilization",
    "CurrentValue": 34.52,
    "WarningCriteria": "> 0 and < 200%",
    "IsWarning": true
  },
  {
    "Key": "Non-Reporting Devices (NRD)",
    "CurrentValue": 4.02,
    "WarningCriteria": "> 5%",
    "IsWarning": true
  },
  {
    "Key": "Non-Invoiced Devices (NID)",
    "CurrentValue": 0.17,
    "WarningCriteria": "> 5%",
    "IsWarning": true
  }
]