[
  {
    "tabid": 1,
    "tabName": "Device Category",
    "tabTagName": "",
    "content": [
      {
        "MonoPrinter": "",
        "ColorPrinter": "",
        "MonoMFP": "",
        "ColorMFP": "l",
        "Tabloid": ""
      },
      {
        "MonoPrinter": "",
        "ColorPrinter": "",
        "MonoMFP": "",
        "ColorMFP": "l",
        "Tabloid": ""
      },
      {
        "MonoPrinter": "",
        "ColorPrinter": "l",
        "MonoMFP": "",
        "ColorMFP": "",
        "Tabloid": ""
      },
      {
        "MonoPrinter": "l",
        "ColorPrinter": "",
        "MonoMFP": "",
        "ColorMFP": "",
        "Tabloid": ""
      }
    ]
  },
  {
    "tabid": 2,
    "tabName": "Total Counts",
    "tabTagName": "(by Category)",
    "content": [
          {
            "TotalPages": "1,014,393",
            "MonoPagesAll": "482,857",
            "MonoPagesMono": "",
            "MonoPagesColor": "482,857",
            "ColorPages": "531,536",
            "DuplexSheets": "266,992",
            "11x17Pages": 0
          },
          {
            "TotalPages": "9,291",
            "MonoPagesAll": "4,791",
            "MonoPagesMono": "",
            "MonoPagesColor": "4,791",
            "ColorPages": "4,500",
            "DuplexSheets": 591,
            "11x17Pages": 0
          },
          {
            "TotalPages": "49,095",
            "MonoPagesAll": "24,258",
            "MonoPagesMono": "",
            "MonoPagesColor": "24,258",
            "ColorPages": "24,837",
            "DuplexSheets": "12,042",
            "11x17Pages": 0
          },
          {
            "TotalPages": "241,606",
            "MonoPagesAll": "241,606",
            "MonoPagesMono": "241,606",
            "MonoPagesColor": "",
            "ColorPages": "",
            "DuplexSheets": "62,862",
            "11x17Pages": 0
          },
          {
            "TotalPages": "1,314,385",
            "MonoPagesAll": "753,512",
            "MonoPagesMono": "241,606",
            "MonoPagesColor": "511,906",
            "ColorPages": "560,873",
            "DuplexSheets": "342,487",
            "11x17Pages": 0
          }
      ]
  }
   
]