[
  
  {
    "SOW_CompanyName": "",
    "SOW_CompanyAddress": "",
    "SOW_CompanyCity": null,
    "SOW_CompanyState": null,
    "SOW_ComapnyZip": null,
    "SOW_SowAddress": "",
    "SOW_AccountDeliveryManager": "",
    "SOW_PartnerName": "",
    "SOW_AccountNumber": "",
    "SOW_BillingModel": "Base Plus Click",
    "SOW_BillingModelType": "Non-Coterminus",
    "SOW_LeaseTerm": "60",
    "SOW_LeaseStartDate": "October  2011",
    "lstSowInformation": null,
    "Sow_DeviceModels": [
      {
        "SOW_DeviceGroup": "HP Color LaserJet CM3530 MFP",
        "SOW_ProductCode": "CC519ACDA",
        "SOW_MinimumVolume": "5",
        "SOW_MaximumVolume": "7",
        "SOW_TargetMonoVolume": "",
        "SOW_TargetColorVolume": "",
        "SOW_SupportA3": false,
        "SOW_SupportColor": false,
        "SOW_SupportMultiFunction": false,
        "SOW_RowID": 20
      },
      {
        "SOW_DeviceGroup": "HP Color LaserJet CM3530 MFP ",
        "SOW_ProductCode": "CC519A",
        "SOW_MinimumVolume": "2000",
        "SOW_MaximumVolume": "6000",
        "SOW_TargetMonoVolume": "",
        "SOW_TargetColorVolume": "",
        "SOW_SupportA3": false,
        "SOW_SupportColor": true,
        "SOW_SupportMultiFunction": false,
        "SOW_RowID": 21
      },
      {
        "SOW_DeviceGroup": "HP Color LaserJet CM6040 MFP",
        "SOW_ProductCode": "Q3939Abcd",
        "SOW_MinimumVolume": "8",
        "SOW_MaximumVolume": "9",
        "SOW_TargetMonoVolume": "",
        "SOW_TargetColorVolume": "",
        "SOW_SupportA3": false,
        "SOW_SupportColor": false,
        "SOW_SupportMultiFunction": false,
        "SOW_RowID": 22
      },
      {
        "SOW_DeviceGroup": "HP Color LaserJet CM6040 MFP",
        "SOW_ProductCode": "Q3939Afgh",
        "SOW_MinimumVolume": "10",
        "SOW_MaximumVolume": "11",
        "SOW_TargetMonoVolume": "",
        "SOW_TargetColorVolume": "",
        "SOW_SupportA3": false,
        "SOW_SupportColor": false,
        "SOW_SupportMultiFunction": false,
        "SOW_RowID": 23
      },
      {
        "SOW_DeviceGroup": "HP Color LaserJet CM6040f MFP ",
        "SOW_ProductCode": "Q3939A",
        "SOW_MinimumVolume": "8000",
        "SOW_MaximumVolume": "17000",
        "SOW_TargetMonoVolume": "",
        "SOW_TargetColorVolume": "",
        "SOW_SupportA3": false,
        "SOW_SupportColor": true,
        "SOW_SupportMultiFunction": false,
        "SOW_RowID": 24
      },
      {
        "SOW_DeviceGroup": "HP Color LaserJet Enterprise flow MFP M880z",
        "SOW_ProductCode": "A2W75A",
        "SOW_MinimumVolume": "5000",
        "SOW_MaximumVolume": "25000",
        "SOW_TargetMonoVolume": "",
        "SOW_TargetColorVolume": "",
        "SOW_SupportA3": false,
        "SOW_SupportColor": true,
        "SOW_SupportMultiFunction": false,
        "SOW_RowID": 25
      },
      {
        "SOW_DeviceGroup": "HP Color LaserJet Enterprise MFP M577f",
        "SOW_ProductCode": "B5L47A",
        "SOW_MinimumVolume": "2000",
        "SOW_MaximumVolume": "7500",
        "SOW_TargetMonoVolume": "",
        "SOW_TargetColorVolume": "",
        "SOW_SupportA3": false,
        "SOW_SupportColor": true,
        "SOW_SupportMultiFunction": false,
        "SOW_RowID": 26
      },
      {
        "SOW_DeviceGroup": "HP LaserJet Enterprise 500 color MFP M575f",
        "SOW_ProductCode": "CD645A",
        "SOW_MinimumVolume": "2000",
        "SOW_MaximumVolume": "6000",
        "SOW_TargetMonoVolume": "",
        "SOW_TargetColorVolume": "",
        "SOW_SupportA3": false,
        "SOW_SupportColor": true,
        "SOW_SupportMultiFunction": false,
        "SOW_RowID": 27
      },
      {
        "SOW_DeviceGroup": "HP LaserJet Enterprise 500 MFP M525f",
        "SOW_ProductCode": "CF117A",
        "SOW_MinimumVolume": "2000",
        "SOW_MaximumVolume": "6000",
        "SOW_TargetMonoVolume": "",
        "SOW_TargetColorVolume": "",
        "SOW_SupportA3": false,
        "SOW_SupportColor": false,
        "SOW_SupportMultiFunction": false,
        "SOW_RowID": 28
      },
      {
        "SOW_DeviceGroup": "HP LaserJet Enterprise MFP M527f",
        "SOW_ProductCode": "F2A77A",
        "SOW_MinimumVolume": "2000",
        "SOW_MaximumVolume": "7500",
        "SOW_TargetMonoVolume": "",
        "SOW_TargetColorVolume": "",
        "SOW_SupportA3": false,
        "SOW_SupportColor": false,
        "SOW_SupportMultiFunction": false,
        "SOW_RowID": 29
      },
      {
        "SOW_DeviceGroup": "HP LaserJet M3035xs MFP ",
        "SOW_ProductCode": "CC477A",
        "SOW_MinimumVolume": "2000",
        "SOW_MaximumVolume": "6000",
        "SOW_TargetMonoVolume": "",
        "SOW_TargetColorVolume": "",
        "SOW_SupportA3": false,
        "SOW_SupportColor": false,
        "SOW_SupportMultiFunction": false,
        "SOW_RowID": 30
      },
      {
        "SOW_DeviceGroup": "HP LaserJet M9050 MFP ",
        "SOW_ProductCode": "CC395A",
        "SOW_MinimumVolume": "15000",
        "SOW_MaximumVolume": "50000",
        "SOW_TargetMonoVolume": "",
        "SOW_TargetColorVolume": "",
        "SOW_SupportA3": false,
        "SOW_SupportColor": false,
        "SOW_SupportMultiFunction": false,
        "SOW_RowID": 31
      }
    ]
  }
]