{
  "leftContent": [
    {
      "DeviceGroup": "Canon Color IRA C5250i MFD",
      "ProductCode": "CAN88916514",
      "TotalDeviceCount": 101,
      "ReportingDeviceCount": 92,
      "NRDCount": 9,
      "NRDExceptions": "",
      "MonoPrinter": "",
      "ColorPrinter": "",
      "MonoMFP": "",
      "ColorMFP": "l",
      "Tabloid": "�"
    },
    {
      "DeviceGroup": "HP Color LaserJet Enterprise CM4540fskm MFP",
      "ProductCode": "CC421A",
      "TotalDeviceCount": 1,
      "ReportingDeviceCount": 1,
      "NRDCount": "",
      "NRDExceptions": "",
      "MonoPrinter": "",
      "ColorPrinter": "",
      "MonoMFP": "",
      "ColorMFP": "l",
      "Tabloid": ""
    },
    {
      "DeviceGroup": "HP Color LaserJet Enterprise CP4525dn",
      "ProductCode": "CC494A",
      "TotalDeviceCount": 11,
      "ReportingDeviceCount": 10,
      "NRDCount": 1,
      "NRDExceptions": "",
      "MonoPrinter": "",
      "ColorPrinter": "l",
      "MonoMFP": "",
      "ColorMFP": "",
      "Tabloid": ""
    },
    {
      "DeviceGroup": "HP Color LaserJet Enterprise CP4525dn",
      "ProductCode": "CC494A",
      "TotalDeviceCount": 11,
      "ReportingDeviceCount": 10,
      "NRDCount": 1,
      "NRDExceptions": "",
      "MonoPrinter": "",
      "ColorPrinter": "l",
      "MonoMFP": "",
      "ColorMFP": "",
      "Tabloid": ""
    }
  ],
  "tableCont": [
    {
      "MonoPrinter": "",
      "ColorPrinter": "",
      "MonoMFP": "",
      "ColorMFP": "l",
      "Tabloid": ""
    },
    {
      "MonoPrinter": "",
      "ColorPrinter": "",
      "MonoMFP": "",
      "ColorMFP": "l",
      "Tabloid": ""
    },
    {
      "MonoPrinter": "",
      "ColorPrinter": "l",
      "MonoMFP": "",
      "ColorMFP": "",
      "Tabloid": ""
    },
    {
      "MonoPrinter": "l",
      "ColorPrinter": "",
      "MonoMFP": "",
      "ColorMFP": "",
      "Tabloid": ""
    },
    {
      "MonoPrinter": "l",
      "ColorPrinter": "",
      "MonoMFP": "",
      "ColorMFP": "",
      "Tabloid": ""
    }
  ],

  "tableCont2": [
    {
      "TotalPages": "1,014,393",
      "MonoPagesAll": "482,857",
      "MonoPagesMono": "",
      "MonoPagesColor": "482,857",
      "ColorPages": "531,536",
      "DuplexSheets": "266,992",
      "Pages11x17tc": 0
    },
    {
      "TotalPages": "9,291",
      "MonoPagesAll": "4,791",
      "MonoPagesMono": "",
      "MonoPagesColor": "4,791",
      "ColorPages": "4,500",
      "DuplexSheets": 591,
      "Pages11x17tc": 0
    },
    {
      "TotalPages": "49,095",
      "MonoPagesAll": "24,258",
      "MonoPagesMono": "",
      "MonoPagesColor": "24,258",
      "ColorPages": "24,837",
      "DuplexSheets": "12,042",
      "Pages11x17tc": 0
    },
    {
      "TotalPages": "241,606",
      "MonoPagesAll": "241,606",
      "MonoPagesMono": "241,606",
      "MonoPagesColor": "",
      "ColorPages": "",
      "DuplexSheets": "62,862",
      "Pages11x17tc": 0
    },
    {
      "TotalPages": "1,314,385",
      "MonoPagesAll": "753,512",
      "MonoPagesMono": "241,606",
      "MonoPagesColor": "511,906",
      "ColorPages": "560,873",
      "DuplexSheets": "342,487",
      "Pages11x17tc": 0
    }
  ],
  "tableCont3": [
    {
      "PrinterPages": "910,458",
      "CopierPages": "103,935",
      "FaxRecdPages": 0,
      "DigitalScans": 0
    },
    {
      "PrinterPages": "8,701",
      "CopierPages": 590,
      "FaxRecdPages": 0,
      "DigitalScans": 0
    },
    {
      "PrinterPages": "47,216",
      "CopierPages": "1,879",
      "FaxRecdPages": 0,
      "DigitalScans": 0
    },
    {
      "PrinterPages": "228,785",
      "CopierPages": "12,821",
      "FaxRecdPages": 0,
      "DigitalScans": 0
    },
    {
      "PrinterPages": "1,195,160",
      "CopierPages": "119,225",
      "FaxRecdPages": 0,
      "DigitalScans": 0
    }
  ],

  "tableCont4": [
    {
      "MinimumMonthlyVolume": 5000,
      "TargetMonthlyVolume": 27000,
      "AverageMonthlyVolume": 11026,
      "MaximumMonthlyVolume": 50000
    },
    {
      "MinimumMonthlyVolume": 5000,
      "TargetMonthlyVolume": 27000,
      "AverageMonthlyVolume": 11026,
      "MaximumMonthlyVolume": 50000
    },
    {
      "MinimumMonthlyVolume": 5000,
      "TargetMonthlyVolume": 27000,
      "AverageMonthlyVolume": 11026,
      "MaximumMonthlyVolume": 50000
    },
    {
      "MinimumMonthlyVolume": 5000,
      "TargetMonthlyVolume": 27000,
      "AverageMonthlyVolume": 11026,
      "MaximumMonthlyVolume": 50000
    },
    {
      "MinimumMonthlyVolume": 5000,
      "TargetMonthlyVolume": 27000,
      "AverageMonthlyVolume": 11026,
      "MaximumMonthlyVolume": 50000
    }
  ],
  "tableCont5": [
    {
      "UsageVsMaximumVolume": "22.05%",
      "UsageVsTargetVolume": "40.09%"
    },
    {
      "UsageVsMaximumVolume": "103.23%",
      "UsageVsTargetVolume": "132.73%"
    },
    {
      "UsageVsMaximumVolume": "49.10%",
      "UsageVsTargetVolume": "78.55%"
    },
    {
      "UsageVsMaximumVolume": "40.95%",
      "UsageVsTargetVolume": "63.00%"
    },
    {
      "UsageVsMaximumVolume": "36.57%",
      "UsageVsTargetVolume": "57.85%"
    }
  ],
  "tableCont6": [
    {
      "PrinterMode": "89.75%",
      "CopierMode": "10.25%",
      "FaxReceivedMode": "0.00%",
      "DigitalScanMode": "0.00%"
    },
    {
      "PrinterMode": "93.65%",
      "CopierMode": "6.35%",
      "FaxReceivedMode": "0.00%",
      "DigitalScanMode": "0.00%"
    },
    {
      "PrinterMode": "96.17%",
      "CopierMode": "3.83%",
      "FaxReceivedMode": "0.00%",
      "DigitalScanMode": "0.00%"
    },
    {
      "PrinterMode": "94.69%",
      "CopierMode": "5.31%",
      "FaxReceivedMode": "0.00%",
      "DigitalScanMode": "0.00%"
    },
    {
      "PrinterMode": "93.53%",
      "CopierMode": "6.47%",
      "FaxReceivedMode": "0.00%",
      "DigitalScanMode": "0.00%"
    }
  ],
  "tableCont7": [
    {
      "Base": 0,
      "MonoClickAll": 0.0102,
      "MonoClickMono": "",
      "MonoClickColor": 0.0102,
      "ColorClick": 0.0551
    },
    {
      "Base": 0,
      "MonoClickAll": 0.0196,
      "MonoClickMono": "",
      "MonoClickColor": 0.0196,
      "ColorClick": 0.0574
    },
    {
      "Base": 0,
      "MonoClickAll": 0.0196,
      "MonoClickMono": "",
      "MonoClickColor": 0.0196,
      "ColorClick": 0.0574
    },
    {
      "Base": 0,
      "MonoClickAll": 0.0196,
      "MonoClickMono": 0.0196,
      "MonoClickColor": "",
      "ColorClick": ""
    },
    {
      "Base": 0,
      "MonoClickAll": 0.01569,
      "MonoClickMono": 0.0196,
      "MonoClickColor": 0.0112,
      "ColorClick": 0.05535
    }
  ],
  "tableCont8": [
    {
      "Blended": 0.03501,
      "MonoAll": 0.01075,
      "MonoMono": 0,
      "MonoColor": 0.01075,
      "Color": 0.05706
    },
    {
      "Blended": 0.03791,
      "MonoAll": 0.0196,
      "MonoMono": 0,
      "MonoColor": 0.0196,
      "Color": 0.0574
    },
    {
      "Blended": 0.03965,
      "MonoAll": 0.0201,
      "MonoMono": 0,
      "MonoColor": 0.0201,
      "Color": 0.05874
    },
    {
      "Blended": 0.0247,
      "MonoAll": 0.0247,
      "MonoMono": 0.0247,
      "MonoColor": 0,
      "Color": 0
    },
    {
      "Blended": 0.02973,
      "MonoAll": 0.01866,
      "MonoMono": 0.0247,
      "MonoColor": 0.01174,
      "Color": 0.05722
    }
  ],
  "tableCont9": [
    {
      "BaseChargeAll": 0,
      "BaseChargeNRDs": 0,
      "MonoClickAll": "5,189.66",
      "MonoClickMono": "",
      "MonoClickColor": "5,189.66",
      "ColorClick": "30,327.65"
    },
    {
      "BaseChargeAll": 0,
      "BaseChargeNRDs": "",
      "MonoClickAll": 93.9,
      "MonoClickMono": "",
      "MonoClickColor": 93.9,
      "ColorClick": 258.3
    },
    {
      "BaseChargeAll": 0,
      "BaseChargeNRDs": 0,
      "MonoClickAll": 487.55,
      "MonoClickMono": "",
      "MonoClickColor": 487.55,
      "ColorClick": "1,458.88"
    },
    {
      "BaseChargeAll": 0,
      "BaseChargeNRDs": 0,
      "MonoClickAll": "5,968.79",
      "MonoClickMono": "5,968.79",
      "MonoClickColor": "",
      "ColorClick": ""
    },
    {
      "BaseChargeAll": 0,
      "BaseChargeNRDs": 0,
      "MonoClickAll": "11,739.90",
      "MonoClickMono": "5,968.79",
      "MonoClickColor": "5,771.11",
      "ColorClick": "32,044.82"
    }
  ],
  "tableCont10": [
    {
      "GroupTargetRevenue": "53,272.45",
      "GroupActualRevenue": "35,517.30",
      "UnitTargetRevenue": 527.45,
      "UnitActualRevenue": 351.66,
      "GroupTargetvsActual": "(17,755.15)",
      "UnitTargetvsActual": "(175.79)",
      "PercentofTargetRealized": "66.67%"
    },
    {
      "GroupTargetRevenue": 190.12,
      "GroupActualRevenue": 352.2,
      "UnitTargetRevenue": 190.12,
      "UnitActualRevenue": 352.2,
      "GroupTargetvsActual": 162.08,
      "UnitTargetvsActual": 162.08,
      "PercentofTargetRealized": "185.25%"
    },
    {
      "GroupTargetRevenue": "1,867.25",
      "GroupActualRevenue": "1,946.43",
      "UnitTargetRevenue": 169.75,
      "UnitActualRevenue": 176.95,
      "GroupTargetvsActual": 79.18,
      "UnitTargetvsActual": 7.2,
      "PercentofTargetRealized": "104.24%"
    },
    {
      "GroupTargetRevenue": "9,236.50",
      "GroupActualRevenue": "5,968.79",
      "UnitTargetRevenue": 63.7,
      "UnitActualRevenue": 41.16,
      "GroupTargetvsActual": "(3,267.71)",
      "UnitTargetvsActual": "(22.54)",
      "PercentofTargetRealized": "64.62%"
    },
    {
      "GroupTargetRevenue": "64,566.32",
      "GroupActualRevenue": "43,784.72",
      "UnitTargetRevenue": 951.02,
      "UnitActualRevenue": 921.97,
      "GroupTargetvsActual": "(20,781.60)",
      "UnitTargetvsActual": "(72.09)",
      "PercentofTargetRealized": "67.81%"
    }
  ],
  "HPRevenueSummery": [
  {
    "EstimatedMonthlyRevenue": "CHF43,785",
    "EstimatedAnnualRevenue": "CHF525,417",
    "TargetMonthlyRevenue": "CHF64,566",
    "RevenueDifference": "CHF-20,782",
    "PercentageofTargetRevenue": "67.81%"
  },
  {
    "EstimatedMonthlyRevenue": "",
    "EstimatedAnnualRevenue": "",
    "TargetMonthlyRevenue": "",
    "RevenueDifference": "",
    "PercentageofTargetRevenue": ""
  },
  {
    "EstimatedMonthlyRevenue": "CHF43,785",
    "EstimatedAnnualRevenue": "CHF525,417",
    "TargetMonthlyRevenue": "CHF64,566",
    "RevenueDifference": "CHF-20,782",
    "PercentageofTargetRevenue": "67.81%"
  },
  {
    "EstimatedMonthlyRevenue": "",
    "EstimatedAnnualRevenue": "",
    "TargetMonthlyRevenue": "",
    "RevenueDifference": "",
    "PercentageofTargetRevenue": ""
  },
  {
    "EstimatedMonthlyRevenue": "CHF0",
    "EstimatedAnnualRevenue": "CHF0",
    "TargetMonthlyRevenue": "CHF0",
    "RevenueDifference": "CHF0",
    "PercentageofTargetRevenue": "0.00%"
  }
]
} 
