{
  "$schema": "./node_modules/@angular/cli/lib/config/schema.json",
  "project": {
    "name": "migrated"
  },
  "apps": [
    {
      "root": "src",
      "outDir": "dist",
      "assets": [
        "ng1",
        "assets",
        "favicon.ico"
      ],
      "index": "index.html",
      "main": "ng2/main.ts",
      "polyfills": "ng2/polyfills.ts",
      "test": "ng2/test.ts",
      "tsconfig": "tsconfig.app.json",
      "testTsconfig": "tsconfig.spec.json",
      "prefix": "app",
      "styles": [
        "ng2/styles.css"
      ],
      "scripts": [],
      "environmentSource": "ng2/environments/environment.ts",
      "environments": {
        "dev": "ng2/environments/environment.ts",
        "prod": "ng2/environments/environment.prod.ts"
      }
    }
  ],
  "e2e": {
    "protractor": {
      "config": "./protractor.conf.js"
    }
  },
  "lint": [
    {
      "project": "tsconfig.app.json"
    },
    {
      "project": "tsconfig.spec.json"
    },
    {
      "project": "tsconfig.e2e.json"
    }
  ],
  "test": {
    "karma": {
      "config": "./karma.conf.js"
    }
  },
  "defaults": {
    "styleExt": "css",
    "component": {}
  }
}
