{
  "SymptomCodeData": [
    {
      "Code": 1,
      "Description": "Paper Feed or Paper Jams"
    },
    {
      "Code": 2,
      "Description": "Print or Image Quality"
    },
    {
      "Code": 3,
      "Description": "Error Code or Message"
    },
    {
      "Code": 4,
      "Description": "Broken Part or Component"
    },
    {
      "Code": 5,
      "Description": "Power or Boot Failure"
    },
    {
      "Code": 6,
      "Description": "Noise / Vibration / Burning Smell"
    },
    {
      "Code": 7,
      "Description": "Communication / Firmware / Driver"
    },
    {
      "Code": 8,
      "Description": "Software Solution"
    },
    {
      "Code": 9,
      "Description": "Calibration"
    },
    {
      "Code": 10,
      "Description": "Configuration"
    },
    {
      "Code": 11,
      "Description": "Installation (Device / Accessory)"
    },
    {
      "Code": 12,
      "Description": "Preventive Maintenance / Maintenance Kit"
    },
    {
      "Code": 13,
      "Description": "Unknown / Other"
    },
    {
      "Code": 14,
      "Description": "Initiated by Device"
    },
    {
      "Code": 15,
      "Description": null
    },
    {
      "Code": 16,
      "Description": null
    },
    {
      "Code": 17,
      "Description": null
    },
    {
      "Code": 18,
      "Description": null
    },
    {
      "Code": 19,
      "Description": null
    },
    {
      "Code": 20,
      "Description": null
    }
  ],
  "ComponentCodeData": [
    {
      "Code": 1,
      "Description": "Imaging Development / ETB Kit"
    },
    {
      "Code": 2,
      "Description": "ADF / Scanner / Platten Glass"
    },
    {
      "Code": 3,
      "Description": "Paper Transport / Duplexer"
    },
    {
      "Code": 4,
      "Description": "Tray (Input Tray, Paper Tray)"
    },
    {
      "Code": 5,
      "Description": "Fuser Section / Fuser Kit"
    },
    {
      "Code": 6,
      "Description": "Logic Section, Formatter"
    },
    {
      "Code": 7,
      "Description": "Power Section"
    },
    {
      "Code": 8,
      "Description": "Control Panel"
    },
    {
      "Code": 9,
      "Description": "Network / Firmware / Driver"
    },
    {
      "Code": 10,
      "Description": "Jet Direct / IO"
    },
    {
      "Code": 11,
      "Description": "Fax"
    },
    {
      "Code": 12,
      "Description": "Accessory (Stapler / Stacker / Bins)"
    },
    {
      "Code": 13,
      "Description": "Consumables (Toner / Drum / TCU)"
    },
    {
      "Code": 14,
      "Description": "Sensor"
    },
    {
      "Code": 15,
      "Description": "Fan"
    },
    {
      "Code": 16,
      "Description": "Memory"
    },
    {
      "Code": 17,
      "Description": "Motor"
    },
    {
      "Code": 18,
      "Description": "Other / Unknown"
    },
    {
      "Code": 19,
      "Description": "User or Site Related"
    },
    {
      "Code": 20,
      "Description": "3rd Party Solution"
    }
  ],
  "RepairCodeData": [
    {
      "DataDesign": "AA",
      "RepairClassCodes": "ACCOUNT ACTIVITY",
      "ValidationList": "AA - ACCOUNT ACTIVITY"
    },
    {
      "DataDesign": "AO",
      "RepairClassCodes": "ADJUSTMENT/ALIGNMENT ONLY",
      "ValidationList": "AO - ADJUSTMENT/ALIGNMENT ONLY"
    },
    {
      "DataDesign": "AR",
      "RepairClassCodes": "ASSOCIATED REPAIR",
      "ValidationList": "AR - ASSOCIATED REPAIR"
    },
    {
      "DataDesign": "AU",
      "RepairClassCodes": "SITE AUDITS",
      "ValidationList": "AU - SITE AUDITS"
    },
    {
      "DataDesign": "CA",
      "RepairClassCodes": "COURIER-ASSISTED REPAIR",
      "ValidationList": "CA - COURIER-ASSISTED REPAIR"
    },
    {
      "DataDesign": "CD",
      "RepairClassCodes": "SERVICE NOTE NOT IMPLEMENTED: RECOMMENDED BY HP HOWEVER CUSTOMER DECLINED",
      "ValidationList": "CD - SERVICE NOTE NOT IMPLEMENTED: RECOMMENDED BY HP HOWEVER CUSTOMER DECLINED"
    },
    {
      "DataDesign": "CO",
      "RepairClassCodes": "REPAIR, COMPONENTS OR PARTS REPLACED",
      "ValidationList": "CO - REPAIR, COMPONENTS OR PARTS REPLACED"
    },
    {
      "DataDesign": "CP",
      "RepairClassCodes": "ALTERNATIVE SUPPLIED PART REPLACED",
      "ValidationList": "CP - ALTERNATIVE SUPPLIED PART REPLACED"
    },
    {
      "DataDesign": "DG",
      "RepairClassCodes": "REMOTE SUPPORT MAINTENANCE",
      "ValidationList": "DG - REMOTE SUPPORT MAINTENANCE"
    },
    {
      "DataDesign": "DO",
      "RepairClassCodes": "DOCUMENTATION",
      "ValidationList": "DO - DOCUMENTATION"
    },
    {
      "DataDesign": "DS",
      "RepairClassCodes": "DESK SIDE SUPPORT",
      "ValidationList": "DS - DESK SIDE SUPPORT"
    },
    {
      "DataDesign": "HE",
      "RepairClassCodes": "HANDS AND EYES",
      "ValidationList": "HE - HANDS AND EYES"
    },
    {
      "DataDesign": "HM",
      "RepairClassCodes": "ONSITE RELOCATION SERVICES",
      "ValidationList": "HM - ONSITE RELOCATION SERVICES"
    },
    {
      "DataDesign": "IN",
      "RepairClassCodes": "INSTALLATION",
      "ValidationList": "IN - INSTALLATION"
    },
    {
      "DataDesign": "IR",
      "RepairClassCodes": "INCOMPLETE REPAIR",
      "ValidationList": "IR - INCOMPLETE REPAIR"
    },
    {
      "DataDesign": "ML",
      "RepairClassCodes": "ML",
      "ValidationList": "ML - ML"
    },
    {
      "DataDesign": "MT",
      "RepairClassCodes": "MEETINGS",
      "ValidationList": "MT - MEETINGS"
    },
    {
      "DataDesign": "ND",
      "RepairClassCodes": "NOT DEFINED",
      "ValidationList": "ND - NOT DEFINED"
    },
    {
      "DataDesign": "NR",
      "RepairClassCodes": "SERVICE NOTE NOT IMPLEMENTED, AS IMPLEMENTATION NOT RECOMMENDED BY HP",
      "ValidationList": "NR - SERVICE NOTE NOT IMPLEMENTED, AS IMPLEMENTATION NOT RECOMMENDED BY HP"
    },
    {
      "DataDesign": "NS",
      "RepairClassCodes": "ONSITE NETWORK STARTUP",
      "ValidationList": "NS - ONSITE NETWORK STARTUP"
    },
    {
      "DataDesign": "NT",
      "RepairClassCodes": "NO TROUBLE FOUND",
      "ValidationList": "NT - NO TROUBLE FOUND"
    },
    {
      "DataDesign": "NV",
      "RepairClassCodes": "ONSITE NETWORK VERIFICATION",
      "ValidationList": "NV - ONSITE NETWORK VERIFICATION"
    },
    {
      "DataDesign": "PA",
      "RepairClassCodes": "PHONE ASSISTANCE",
      "ValidationList": "PA - PHONE ASSISTANCE"
    },
    {
      "DataDesign": "PM",
      "RepairClassCodes": "PREVENTIVE MAINTENANCE",
      "ValidationList": "PM - PREVENTIVE MAINTENANCE"
    },
    {
      "DataDesign": "PP",
      "RepairClassCodes": "CUSTOMER SELF REPAIR",
      "ValidationList": "PP - CUSTOMER SELF REPAIR"
    },
    {
      "DataDesign": "SC",
      "RepairClassCodes": "SUBCONTRACTED REPAIR",
      "ValidationList": "SC - SUBCONTRACTED REPAIR"
    },
    {
      "DataDesign": "SN",
      "RepairClassCodes": "SERVICE NOTES",
      "ValidationList": "SN - SERVICE NOTES"
    },
    {
      "DataDesign": "SP",
      "RepairClassCodes": "SITE PREPARATION",
      "ValidationList": "SP - SITE PREPARATION"
    },
    {
      "DataDesign": "SU",
      "RepairClassCodes": "DATA CENTER SERVICES",
      "ValidationList": "SU - DATA CENTER SERVICES"
    },
    {
      "DataDesign": "SV",
      "RepairClassCodes": "SERVICE-CENTER REPAIR",
      "ValidationList": "SV - SERVICE-CENTER REPAIR"
    },
    {
      "DataDesign": "SW",
      "RepairClassCodes": "SOFTWARE SUPPORT",
      "ValidationList": "SW - SOFTWARE SUPPORT"
    },
    {
      "DataDesign": "UC",
      "RepairClassCodes": "USER CAUSED",
      "ValidationList": "UC - USER CAUSED"
    },
    {
      "DataDesign": "WK",
      "RepairClassCodes": "PRIMARY CAUSE IS WORKMANSHIP",
      "ValidationList": "WK - PRIMARY CAUSE IS WORKMANSHIP"
    }
  ],
  "ServiceReportScrubberData": [
    {
      "CaseID": 4654654035,
      "ProductCode": "CE529A",
      "SerialNumber": "VNCQF8F0N8",
      "Address": "Maagplatz 1",
      "City": "Zürich",
      "State": "SWITZERLAND",
      "CallReceivedDate": "2016-08-09T11:23:00",
      "ResponseOrRepairComplete": "2016-08-09T21:00:00",
      "ReponseTime": "2016-08-09T14:29:00",
      "RepairCompleteTime": "2016-08-09T14:51:00",
      "ServiceFlag": "SBD",
      "SLAStatus": "Met",
      "QADelayCodes": "0-No Delay Logged",
      "CallToResponse": "3 hrs  6 mins",
      "ResponseToRepair": "0 hrs  22 mins",
      "CallToRepair": "3 hrs  28 mins",
      "ContractCoverage": "SA-WE: 8-21",
      "ServiceZone": 0,
      "ServiceAction": "Partner Onsite",
      "CallToResponseMinutes": 185.99999999860302,
      "ResponseToRepairMinutes": 21.999999998370185,
      "CallToRepairMinutes": 207.9999999969732,
      "Month": "August",
      "Year": 2016,
      "PostalCode": "",
      "Country": "SWITZERLAND",
      "CompanyName": "Ernst & Young Ag",
      "ProductDescription": "HP LaserJet Enterprise P3015x Printer",
      "CaseTitle": "VAS/CH/Mail/6H CTR/BF-TPM/",
      "CaseSummary": "Description: Feed roller replaced\nComment                                 No Comment  Description: Feed roller replaced\nComment                                 No Comment",
      "CurrentSymptomCode": 1,
      "CurrentComponentCode": 18,
      "RepairCode": "CO",
      "XEntry": "PA",
      "CustomerName": "M. MANUEL HERZOG",
      "PhoneNumber": 582893591,
      "ServiceProviderCatogery": "CH SITS MPS BF OOW CH",
      "RawServiceFlag": "CTR",
      "RawResponseStatus": null,
      "ScrubbedServiceFlag": "SBD",
      "ScrubbedSymptomCode": 1,
      "ScrubbedComponentCode": 18,
      "ServicingContractorName": "CH SITS MPS BF OOW CH"
    },
    {
      "CaseID": 4654762609,
      "ProductCode": "CC494A",
      "SerialNumber": "JPDTF880FZ",
      "Address": "St. Leonhard-strasse 76",
      "City": "St. Gallen",
      "State": "SWITZERLAND",
      "CallReceivedDate": "2016-09-02T10:40:00",
      "ResponseOrRepairComplete": "2016-09-03T21:00:00",
      "ReponseTime": "2016-09-05T14:09:00",
      "RepairCompleteTime": "2016-09-05T14:28:00",
      "ServiceFlag": "SBD",
      "SLAStatus": "Missed",
      "QADelayCodes": "0-No Delay Logged",
      "CallToResponse": "32 hrs  9 mins",
      "ResponseToRepair": "0 hrs  19 mins",
      "CallToRepair": "32 hrs  28 mins",
      "ContractCoverage": "SA-WE: 8-21",
      "ServiceZone": 0,
      "ServiceAction": "Partner Onsite",
      "CallToResponseMinutes": 1929.000000001397,
      "ResponseToRepairMinutes": 18.999999999068677,
      "CallToRepairMinutes": 1948.0000000004657,
      "Month": "September",
      "Year": 2016,
      "PostalCode": "",
      "Country": "SWITZERLAND",
      "CompanyName": "Ernst & Young Ag",
      "ProductDescription": "HP Color LaserJet Enterprise CP4525dn Printer",
      "CaseTitle": "VAS/CH/Mail/6H CTR/BF-TPM/",
      "CaseSummary": "Description: Ticket was opened on the wrong machine. Hp printer works fine. Cannon printer has a broken drum\nComment                                 No Comment  Description: Ticket was opened on the wrong machine. Hp printer works fine. Cannon printer has a broken drum\nComment                                 No Comment",
      "CurrentSymptomCode": null,
      "CurrentComponentCode": 1,
      "RepairCode": "NT",
      "XEntry": "PA",
      "CustomerName": "M. KEVIN NGUYEN",
      "PhoneNumber": 582864800,
      "ServiceProviderCatogery": "CH SITS MPS BF OOW CH",
      "RawServiceFlag": "CTR",
      "RawResponseStatus": null,
      "ScrubbedServiceFlag": "SBD",
      "ScrubbedSymptomCode": null,
      "ScrubbedComponentCode": 1,
      "ServicingContractorName": "CH SITS MPS BF OOW CH"
    },
    {
      "CaseID": 4654809715,
      "ProductCode": "CC494A",
      "SerialNumber": "JPDTF880G3",
      "Address": "Corso Elvezia 33",
      "City": "Lugano",
      "State": "SWITZERLAND",
      "CallReceivedDate": "2016-09-14T12:08:00",
      "ResponseOrRepairComplete": "2016-09-14T21:00:00",
      "ReponseTime": "2016-09-16T14:15:00",
      "RepairCompleteTime": "2016-09-16T14:44:00",
      "ServiceFlag": "SBD",
      "SLAStatus": "Missed",
      "QADelayCodes": "9-other",
      "CallToResponse": "8 hrs  52 mins",
      "ResponseToRepair": "0 hrs  0 mins",
      "CallToRepair": "8 hrs  52 mins",
      "ContractCoverage": "SA-WE: 8-21",
      "ServiceZone": 0,
      "ServiceAction": "HP CE Onsite",
      "CallToResponseMinutes": 531.9999999948777,
      "ResponseToRepairMinutes": 0,
      "CallToRepairMinutes": 531.9999999948777,
      "Month": "September",
      "Year": 2016,
      "PostalCode": "",
      "Country": "SWITZERLAND",
      "CompanyName": "Ernst & Young Ag",
      "ProductDescription": "HP Color LaserJet Enterprise CP4525dn Printer",
      "CaseTitle": "VAS/CH/RMMC/2BD/PM-HEM/",
      "CaseSummary": "Description: \n\npart replaced",
      "CurrentSymptomCode": 4,
      "CurrentComponentCode": null,
      "RepairCode": "PM",
      "XEntry": "PA",
      "CustomerName": "M. CLAUDIA RUEEGG",
      "PhoneNumber": 582862447,
      "ServiceProviderCatogery": null,
      "RawServiceFlag": "2BD",
      "RawResponseStatus": null,
      "ScrubbedServiceFlag": "SBD",
      "ScrubbedSymptomCode": 4,
      "ScrubbedComponentCode": null,
      "ServicingContractorName": null
    },
    {
      "CaseID": 4654941758,
      "ProductCode": "CE529A",
      "SerialNumber": "VNCQF7Y06K",
      "Address": "Avenue De La Gare 39",
      "City": "Lausanne",
      "State": "SWITZERLAND",
      "CallReceivedDate": "2016-10-18T09:59:00",
      "ResponseOrRepairComplete": "2016-10-18T21:00:00",
      "ReponseTime": "2016-10-19T08:56:00",
      "RepairCompleteTime": "2016-10-19T09:14:00",
      "ServiceFlag": "SBD",
      "SLAStatus": "Missed",
      "QADelayCodes": "0-No Delay Logged",
      "CallToResponse": "11 hrs  57 mins",
      "ResponseToRepair": "0 hrs  18 mins",
      "CallToRepair": "12 hrs  15 mins",
      "ContractCoverage": "SA-WE: 8-21",
      "ServiceZone": 0,
      "ServiceAction": "Partner Onsite",
      "CallToResponseMinutes": 716.9999999937136,
      "ResponseToRepairMinutes": 18.000000006286427,
      "CallToRepairMinutes": 735,
      "Month": "October",
      "Year": 2016,
      "PostalCode": "",
      "Country": "SWITZERLAND",
      "CompanyName": "Ernst & Young Ag",
      "ProductDescription": "HP LaserJet Enterprise P3015x Printer",
      "CaseTitle": "VAS/CH/Mail/6H CTR/BF-TPM/",
      "CaseSummary": "Description: Waiting to printer access \nAll parts replaced and quality test with customer ok\nComment                                 No Comment  Description: Waiting to printer access \nAll parts replaced and quality test with customer ok\nComment                                 No Comment",
      "CurrentSymptomCode": 4,
      "CurrentComponentCode": 1,
      "RepairCode": "CO",
      "XEntry": "PA",
      "CustomerName": "M. MARCEL ZEDER",
      "PhoneNumber": 582895856,
      "ServiceProviderCatogery": "CH SITS MPS BF OOW CH",
      "RawServiceFlag": "CTR",
      "RawResponseStatus": null,
      "ScrubbedServiceFlag": "SBD",
      "ScrubbedSymptomCode": 4,
      "ScrubbedComponentCode": 1,
      "ServicingContractorName": "CH SITS MPS BF OOW CH"
    },
    {
      "CaseID": 4654984547,
      "ProductCode": "CE529A",
      "SerialNumber": "VNCQF84093",
      "Address": "Schanzenstrasse 4a/1",
      "City": "Bern",
      "State": "SWITZERLAND",
      "CallReceivedDate": "2016-10-28T11:26:00",
      "ResponseOrRepairComplete": "2016-10-29T21:00:00",
      "ReponseTime": "2016-10-28T12:03:00",
      "RepairCompleteTime": "2016-10-28T12:13:00",
      "ServiceFlag": "SBD",
      "SLAStatus": "Met",
      "QADelayCodes": "0-No Delay Logged",
      "CallToResponse": "0 hrs  0 mins",
      "ResponseToRepair": "0 hrs  0 mins",
      "CallToRepair": "0 hrs  0 mins",
      "ContractCoverage": "SA-WE: 8-21",
      "ServiceZone": 0,
      "ServiceAction": "Remote With Phone",
      "CallToResponseMinutes": 0,
      "ResponseToRepairMinutes": 0,
      "CallToRepairMinutes": 0,
      "Month": "October",
      "Year": 2016,
      "PostalCode": "",
      "Country": "SWITZERLAND",
      "CompanyName": "Ernst & Young Ag",
      "ProductDescription": "HP LaserJet Enterprise P3015x Printer",
      "CaseTitle": "VAS/CH/Mail/6H CTR/BF-TPM/",
      "CaseSummary": "Description: Black toner seems to be damaged. New toner ordered at HP VAS, order id PAFFM661.\nCustomer Prucz Laszlo informed by phone and mail.\nComment                                 No Comment  Description: Black toner seems to be damaged. New toner ordered at HP VAS, order id PAFFM661.\nCustomer Prucz Laszlo informed by phone and mail.\nComment                                 No Comment",
      "CurrentSymptomCode": 2,
      "CurrentComponentCode": 13,
      "RepairCode": "PA",
      "XEntry": "PA",
      "CustomerName": "M. LASZLO PRUCZ",
      "PhoneNumber": 582896423,
      "ServiceProviderCatogery": "CH SITS MPS BF OOW CH",
      "RawServiceFlag": "CTR",
      "RawResponseStatus": null,
      "ScrubbedServiceFlag": "SBD",
      "ScrubbedSymptomCode": 2,
      "ScrubbedComponentCode": 13,
      "ServicingContractorName": "CH SITS MPS BF OOW CH"
    }
  ],
  "SLASettingsData": [
    {
      "SLASettings": "SBD Fix"
    },
    {
      "SLASettings": "SBD"
    },
    {
      "SLASettings": "Same Day"
    },
    {
      "SLASettings": "Next Day"
    },
    {
      "SLASettings": "NDA"
    },
    {
      "SLASettings": "NBD Response"
    },
    {
      "SLASettings": "NBD Resp"
    },
    {
      "SLASettings": "NBD Onsite"
    },
    {
      "SLASettings": "NBD FIX"
    },
    {
      "SLASettings": "NBD Exchange"
    },
    {
      "SLASettings": "NBD"
    },
    {
      "SLASettings": "CTR"
    },
    {
      "SLASettings": "8H Fix"
    },
    {
      "SLASettings": "8H CTR"
    },
    {
      "SLASettings": "8H CTF"
    },
    {
      "SLASettings": "8H"
    },
    {
      "SLASettings": "6H Response"
    },
    {
      "SLASettings": "6H CTF"
    },
    {
      "SLASettings": "6H"
    },
    {
      "SLASettings": "6CTR"
    },
    {
      "SLASettings": "6 CTR"
    },
    {
      "SLASettings": "5BD"
    },
    {
      "SLASettings": "4H Resp"
    },
    {
      "SLASettings": "4H Onsite"
    },
    {
      "SLASettings": "4H CTR "
    },
    {
      "SLASettings": "4H CTF"
    },
    {
      "SLASettings": "4H"
    },
    {
      "SLASettings": "3H Resp"
    },
    {
      "SLASettings": "3H CTR"
    },
    {
      "SLASettings": "3BD"
    },
    {
      "SLASettings": "2H CTR"
    },
    {
      "SLASettings": "2H"
    },
    {
      "SLASettings": "2BD Fix"
    },
    {
      "SLASettings": "2BD"
    },
    {
      "SLASettings": "2 BD Fix"
    },
    {
      "SLASettings": "16H CTF"
    },
    {
      "SLASettings": "12H CTR "
    }
  ],
  "ScrubberQuickSummaryData": [
    {
      "HPOnsite": 1,
      "PartherOnsite": 3,
      "Remote": 1,
      "Scheduled": null,
      "Proactive": null,
      "Totals": 5
    },
    {
      "HPOnsite": null,
      "PartherOnsite": 1,
      "Remote": 1,
      "Scheduled": null,
      "Proactive": null,
      "Totals": 2
    },
    {
      "HPOnsite": 0,
      "PartherOnsite": 0.3333333333333333,
      "Remote": 1,
      "Scheduled": "",
      "Proactive": "",
      "Totals": 0.4
    },
    {
      "HPOnsite": 8.866666666581295,
      "PartherOnsite": 15.73333333329841,
      "Remote": 0,
      "Scheduled": null,
      "Proactive": null,
      "Totals": 11.213333333295305
    },
    {
      "HPOnsite": 0,
      "PartherOnsite": 0.32777777779847383,
      "Remote": 0,
      "Scheduled": null,
      "Proactive": null,
      "Totals": 0.1966666666790843
    },
    {
      "HPOnsite": 8.866666666581295,
      "PartherOnsite": 16.061111111096885,
      "Remote": null,
      "Scheduled": null,
      "Proactive": null,
      "Totals": 11.409999999974389
    }
  ]
}