[
  {
    "RevenueAnalActualColorClickRevenue": 102.87,
    "RevenueAnalActualMonoClickRevenue": 22.2,
    "RevenueAnalActualTotalRevenue": 125.07,
    "RevenueAnalColorClickRevenue": 303.05,
    "RevenueAnalMonoClickRevenue": 224.4,
    "RevenueAnalTotalRevenue": 527.45,
    "RevenueAnalAverageRevenueGainLoss": "(402.38)"
  },
  {
    "RevenueAnalActualColorClickRevenue": 237.32,
    "RevenueAnalActualMonoClickRevenue": 36.06,
    "RevenueAnalActualTotalRevenue": 273.37,
    "RevenueAnalColorClickRevenue": 303.05,
    "RevenueAnalMonoClickRevenue": 224.4,
    "RevenueAnalTotalRevenue": 527.45,
    "RevenueAnalAverageRevenueGainLoss": "(254.08)"
  },
  {
    "RevenueAnalActualColorClickRevenue": 116.18,
    "RevenueAnalActualMonoClickRevenue": 26.48,
    "RevenueAnalActualTotalRevenue": 142.66,
    "RevenueAnalColorClickRevenue": 71.75,
    "RevenueAnalMonoClickRevenue": 98,
    "RevenueAnalTotalRevenue": 169.75,
    "RevenueAnalAverageRevenueGainLoss": "(27.09)"
  },
  {
    "RevenueAnalActualColorClickRevenue": 135.44,
    "RevenueAnalActualMonoClickRevenue": 22.58,
    "RevenueAnalActualTotalRevenue": 158.02,
    "RevenueAnalColorClickRevenue": 303.05,
    "RevenueAnalMonoClickRevenue": 224.4,
    "RevenueAnalTotalRevenue": 527.45,
    "RevenueAnalAverageRevenueGainLoss": "(369.43)"
  },
  {
    "RevenueAnalActualColorClickRevenue": 404.99,
    "RevenueAnalActualMonoClickRevenue": 54.28,
    "RevenueAnalActualTotalRevenue": 459.27,
    "RevenueAnalColorClickRevenue": 303.05,
    "RevenueAnalMonoClickRevenue": 224.4,
    "RevenueAnalTotalRevenue": 527.45,
    "RevenueAnalAverageRevenueGainLoss": "(68.18)"
  },
  {
    "RevenueAnalActualColorClickRevenue": 150.7,
    "RevenueAnalActualMonoClickRevenue": 13.66,
    "RevenueAnalActualTotalRevenue": 164.36,
    "RevenueAnalColorClickRevenue": 303.05,
    "RevenueAnalMonoClickRevenue": 224.4,
    "RevenueAnalTotalRevenue": 527.45,
    "RevenueAnalAverageRevenueGainLoss": "(363.09)"
  },
  {
    "RevenueAnalActualColorClickRevenue": 107.5,
    "RevenueAnalActualMonoClickRevenue": 19.07,
    "RevenueAnalActualTotalRevenue": 126.57,
    "RevenueAnalColorClickRevenue": 303.05,
    "RevenueAnalMonoClickRevenue": 224.4,
    "RevenueAnalTotalRevenue": 527.45,
    "RevenueAnalAverageRevenueGainLoss": "(400.88)"
  },
  {
    "RevenueAnalActualColorClickRevenue": 210.1,
    "RevenueAnalActualMonoClickRevenue": 50.31,
    "RevenueAnalActualTotalRevenue": 260.4,
    "RevenueAnalColorClickRevenue": 303.05,
    "RevenueAnalMonoClickRevenue": 224.4,
    "RevenueAnalTotalRevenue": 527.45,
    "RevenueAnalAverageRevenueGainLoss": "(267.05)"
  },
  {
    "RevenueAnalActualColorClickRevenue": 87.88,
    "RevenueAnalActualMonoClickRevenue": 35.07,
    "RevenueAnalActualTotalRevenue": 122.95,
    "RevenueAnalColorClickRevenue": 303.05,
    "RevenueAnalMonoClickRevenue": 224.4,
    "RevenueAnalTotalRevenue": 527.45,
    "RevenueAnalAverageRevenueGainLoss": "(404.50)"
  },
  {
    "RevenueAnalActualColorClickRevenue": 202.99,
    "RevenueAnalActualMonoClickRevenue": 95.37,
    "RevenueAnalActualTotalRevenue": 298.36,
    "RevenueAnalColorClickRevenue": 303.05,
    "RevenueAnalMonoClickRevenue": 224.4,
    "RevenueAnalTotalRevenue": 527.45,
    "RevenueAnalAverageRevenueGainLoss": "(229.09)"
  },
  {
    "RevenueAnalActualColorClickRevenue": 212.63,
    "RevenueAnalActualMonoClickRevenue": 19.45,
    "RevenueAnalActualTotalRevenue": 232.08,
    "RevenueAnalColorClickRevenue": 303.05,
    "RevenueAnalMonoClickRevenue": 224.4,
    "RevenueAnalTotalRevenue": 527.45,
    "RevenueAnalAverageRevenueGainLoss": "(295.37)"
  },
  {
    "RevenueAnalActualColorClickRevenue": 344.49,
    "RevenueAnalActualMonoClickRevenue": 43.24,
    "RevenueAnalActualTotalRevenue": 387.72,
    "RevenueAnalColorClickRevenue": 303.05,
    "RevenueAnalMonoClickRevenue": 224.4,
    "RevenueAnalTotalRevenue": 527.45,
    "RevenueAnalAverageRevenueGainLoss": "(139.73)"
  },
  {
    "RevenueAnalActualColorClickRevenue": 0,
    "RevenueAnalActualMonoClickRevenue": 7.15,
    "RevenueAnalActualTotalRevenue": 7.15,
    "RevenueAnalColorClickRevenue": 0,
    "RevenueAnalMonoClickRevenue": 63.7,
    "RevenueAnalTotalRevenue": 63.7,
    "RevenueAnalAverageRevenueGainLoss": "(56.55)"
  },
  {
    "RevenueAnalActualColorClickRevenue": 0,
    "RevenueAnalActualMonoClickRevenue": 7.33,
    "RevenueAnalActualTotalRevenue": 7.33,
    "RevenueAnalColorClickRevenue": 0,
    "RevenueAnalMonoClickRevenue": 63.7,
    "RevenueAnalTotalRevenue": 63.7,
    "RevenueAnalAverageRevenueGainLoss": "(56.37)"
  },
  {
    "RevenueAnalActualColorClickRevenue": 0,
    "RevenueAnalActualMonoClickRevenue": 24.81,
    "RevenueAnalActualTotalRevenue": 24.81,
    "RevenueAnalColorClickRevenue": 0,
    "RevenueAnalMonoClickRevenue": 63.7,
    "RevenueAnalTotalRevenue": 63.7,
    "RevenueAnalAverageRevenueGainLoss": "(38.89)"
  },
  {
    "RevenueAnalActualColorClickRevenue": 0,
    "RevenueAnalActualMonoClickRevenue": 57.58,
    "RevenueAnalActualTotalRevenue": 57.58,
    "RevenueAnalColorClickRevenue": 0,
    "RevenueAnalMonoClickRevenue": 63.7,
    "RevenueAnalTotalRevenue": 63.7,
    "RevenueAnalAverageRevenueGainLoss": "(6.12)"
  },
  {
    "RevenueAnalActualColorClickRevenue": 0,
    "RevenueAnalActualMonoClickRevenue": 55.13,
    "RevenueAnalActualTotalRevenue": 55.13,
    "RevenueAnalColorClickRevenue": 0,
    "RevenueAnalMonoClickRevenue": 63.7,
    "RevenueAnalTotalRevenue": 63.7,
    "RevenueAnalAverageRevenueGainLoss": "(8.57)"
  },
  {
    "RevenueAnalActualColorClickRevenue": 0,
    "RevenueAnalActualMonoClickRevenue": 35.04,
    "RevenueAnalActualTotalRevenue": 35.04,
    "RevenueAnalColorClickRevenue": 0,
    "RevenueAnalMonoClickRevenue": 63.7,
    "RevenueAnalTotalRevenue": 63.7,
    "RevenueAnalAverageRevenueGainLoss": "(28.66)"
  },
  {
    "RevenueAnalActualColorClickRevenue": 0,
    "RevenueAnalActualMonoClickRevenue": 15.74,
    "RevenueAnalActualTotalRevenue": 15.74,
    "RevenueAnalColorClickRevenue": 0,
    "RevenueAnalMonoClickRevenue": 63.7,
    "RevenueAnalTotalRevenue": 63.7,
    "RevenueAnalAverageRevenueGainLoss": "(47.96)"
  },
  {
    "RevenueAnalActualColorClickRevenue": 0,
    "RevenueAnalActualMonoClickRevenue": 134.63,
    "RevenueAnalActualTotalRevenue": 134.63,
    "RevenueAnalColorClickRevenue": 0,
    "RevenueAnalMonoClickRevenue": 63.7,
    "RevenueAnalTotalRevenue": 63.7,
    "RevenueAnalAverageRevenueGainLoss": 70.93
  },
  {
    "RevenueAnalActualColorClickRevenue": 0,
    "RevenueAnalActualMonoClickRevenue": 144.12,
    "RevenueAnalActualTotalRevenue": 144.12,
    "RevenueAnalColorClickRevenue": 0,
    "RevenueAnalMonoClickRevenue": 63.7,
    "RevenueAnalTotalRevenue": 63.7,
    "RevenueAnalAverageRevenueGainLoss": 80.42
  },
  {
    "RevenueAnalActualColorClickRevenue": 0,
    "RevenueAnalActualMonoClickRevenue": 15.72,
    "RevenueAnalActualTotalRevenue": 15.72,
    "RevenueAnalColorClickRevenue": 0,
    "RevenueAnalMonoClickRevenue": 63.7,
    "RevenueAnalTotalRevenue": 63.7,
    "RevenueAnalAverageRevenueGainLoss": "(47.98)"
  },
  {
    "RevenueAnalActualColorClickRevenue": 83.59,
    "RevenueAnalActualMonoClickRevenue": 24.45,
    "RevenueAnalActualTotalRevenue": 108.04,
    "RevenueAnalColorClickRevenue": 303.05,
    "RevenueAnalMonoClickRevenue": 224.4,
    "RevenueAnalTotalRevenue": 527.45,
    "RevenueAnalAverageRevenueGainLoss": "(419.41)"
  },
  {
    "RevenueAnalActualColorClickRevenue": 128.71,
    "RevenueAnalActualMonoClickRevenue": 46.22,
    "RevenueAnalActualTotalRevenue": 174.93,
    "RevenueAnalColorClickRevenue": 303.05,
    "RevenueAnalMonoClickRevenue": 224.4,
    "RevenueAnalTotalRevenue": 527.45,
    "RevenueAnalAverageRevenueGainLoss": "(352.52)"
  },
  {
    "RevenueAnalActualColorClickRevenue": 205.14,
    "RevenueAnalActualMonoClickRevenue": 40.11,
    "RevenueAnalActualTotalRevenue": 245.24,
    "RevenueAnalColorClickRevenue": 303.05,
    "RevenueAnalMonoClickRevenue": 224.4,
    "RevenueAnalTotalRevenue": 527.45,
    "RevenueAnalAverageRevenueGainLoss": "(282.21)"
  },
  {
    "RevenueAnalActualColorClickRevenue": 206.24,
    "RevenueAnalActualMonoClickRevenue": 49.02,
    "RevenueAnalActualTotalRevenue": 255.26,
    "RevenueAnalColorClickRevenue": 303.05,
    "RevenueAnalMonoClickRevenue": 224.4,
    "RevenueAnalTotalRevenue": 527.45,
    "RevenueAnalAverageRevenueGainLoss": "(272.19)"
  },
  {
    "RevenueAnalActualColorClickRevenue": 106.34,
    "RevenueAnalActualMonoClickRevenue": 28.03,
    "RevenueAnalActualTotalRevenue": 134.37,
    "RevenueAnalColorClickRevenue": 303.05,
    "RevenueAnalMonoClickRevenue": 224.4,
    "RevenueAnalTotalRevenue": 527.45,
    "RevenueAnalAverageRevenueGainLoss": "(393.08)"
  },
  {
    "RevenueAnalActualColorClickRevenue": 190.37,
    "RevenueAnalActualMonoClickRevenue": 52.42,
    "RevenueAnalActualTotalRevenue": 242.79,
    "RevenueAnalColorClickRevenue": 303.05,
    "RevenueAnalMonoClickRevenue": 224.4,
    "RevenueAnalTotalRevenue": 527.45,
    "RevenueAnalAverageRevenueGainLoss": "(284.66)"
  },
  {
    "RevenueAnalActualColorClickRevenue": 38.18,
    "RevenueAnalActualMonoClickRevenue": 14.64,
    "RevenueAnalActualTotalRevenue": 52.82,
    "RevenueAnalColorClickRevenue": 303.05,
    "RevenueAnalMonoClickRevenue": 224.4,
    "RevenueAnalTotalRevenue": 527.45,
    "RevenueAnalAverageRevenueGainLoss": "(474.63)"
  },
  {
    "RevenueAnalActualColorClickRevenue": 131.3,
    "RevenueAnalActualMonoClickRevenue": 45.42,
    "RevenueAnalActualTotalRevenue": 176.72,
    "RevenueAnalColorClickRevenue": 303.05,
    "RevenueAnalMonoClickRevenue": 224.4,
    "RevenueAnalTotalRevenue": 527.45,
    "RevenueAnalAverageRevenueGainLoss": "(350.73)"
  },
  {
    "RevenueAnalActualColorClickRevenue": 72.29,
    "RevenueAnalActualMonoClickRevenue": 15.23,
    "RevenueAnalActualTotalRevenue": 87.52,
    "RevenueAnalColorClickRevenue": 303.05,
    "RevenueAnalMonoClickRevenue": 224.4,
    "RevenueAnalTotalRevenue": 527.45,
    "RevenueAnalAverageRevenueGainLoss": "(439.93)"
  },
  {
    "RevenueAnalActualColorClickRevenue": 233.9,
    "RevenueAnalActualMonoClickRevenue": 33.11,
    "RevenueAnalActualTotalRevenue": 267.01,
    "RevenueAnalColorClickRevenue": 303.05,
    "RevenueAnalMonoClickRevenue": 224.4,
    "RevenueAnalTotalRevenue": 527.45,
    "RevenueAnalAverageRevenueGainLoss": "(260.44)"
  },
  {
    "RevenueAnalActualColorClickRevenue": 66.56,
    "RevenueAnalActualMonoClickRevenue": 13.39,
    "RevenueAnalActualTotalRevenue": 79.95,
    "RevenueAnalColorClickRevenue": 303.05,
    "RevenueAnalMonoClickRevenue": 224.4,
    "RevenueAnalTotalRevenue": 527.45,
    "RevenueAnalAverageRevenueGainLoss": "(447.50)"
  },
  {
    "RevenueAnalActualColorClickRevenue": 53.23,
    "RevenueAnalActualMonoClickRevenue": 8.7,
    "RevenueAnalActualTotalRevenue": 61.93,
    "RevenueAnalColorClickRevenue": 303.05,
    "RevenueAnalMonoClickRevenue": 224.4,
    "RevenueAnalTotalRevenue": 527.45,
    "RevenueAnalAverageRevenueGainLoss": "(465.52)"
  },
  {
    "RevenueAnalActualColorClickRevenue": 95.1,
    "RevenueAnalActualMonoClickRevenue": 19.65,
    "RevenueAnalActualTotalRevenue": 114.75,
    "RevenueAnalColorClickRevenue": 303.05,
    "RevenueAnalMonoClickRevenue": 224.4,
    "RevenueAnalTotalRevenue": 527.45,
    "RevenueAnalAverageRevenueGainLoss": "(412.70)"
  },
  {
    "RevenueAnalActualColorClickRevenue": 0,
    "RevenueAnalActualMonoClickRevenue": 30.99,
    "RevenueAnalActualTotalRevenue": 30.99,
    "RevenueAnalColorClickRevenue": 0,
    "RevenueAnalMonoClickRevenue": 63.7,
    "RevenueAnalTotalRevenue": 63.7,
    "RevenueAnalAverageRevenueGainLoss": "(32.71)"
  } 
]