[
  {
    "ChartType": "BarChart",
    "ChartData": [
      {
        "key": "Revenue",
        "Currency": "$",
        "GainOrLoss": "0",
        "RevenueGainOrLoss": "-155.341",
        "values": [
          {
            "key": "Target",
            "value": 249
          },
          {
            "key": "Actual",
            "value": 93
          }
        ]
      }
    ]
  },
  {
    "ChartType": "BarChart",
    "ChartData": [
      {
        "key": "Engine Life",
        "values": [
          {
            "key": "Maximum",
            "value": 0
          },
          {
            "key": "Current",
            "value": 28166
          },
          {
            "key": "Projected (EOL)",
            "value": 157022
          }
        ]
      }
    ]
  },
  {
    "ChartType": "BarChart",
    "ChartData": [
      {
        "key": "Usage",
        "values": [
          {
            "key": "Total Pages",
            "value": 11105
          },
          {
            "key": "Duplex",
            "value": 535
          },
          {
            "key": "Color",
            "value": 0
          },
          {
            "key": "11x17 A3",
            "value": 0
          }
        ]
      }
    ]
  },
  {
    "ChartType": "LineChart",
    "ChartData": [
      {
        "key": "Total Pages",
        "classed": "dashed",
        "color": "#0096D6",
        "strokeWidth": 2,
        "values": [
          {
            "x": "7/15/2016",
            "y": 0
          },
          {
            "x": "8/31/2016",
            "y": 1895
          },
          {
            "x": "9/30/2016",
            "y": 3378
          },
          {
            "x": "10/31/2016",
            "y": 3261
          },
          {
            "x": "11/30/2016",
            "y": 3198
          },
          {
            "x": "12/31/2016",
            "y": 2051
          },
          {
            "x": "1/31/2017",
            "y": 1935
          },
          {
            "x": "2/28/2017",
            "y": 1944
          },
          {
            "x": "3/31/2017",
            "y": 2072
          },
          {
            "x": "4/30/2017",
            "y": 3103
          }
        ]
      },
      {
        "key": "Duplex",
        "classed": "dotted",
        "color": "#D7410B",
        "strokeWidth": 1,
        "values": [
          {
            "x": "7/15/2016",
            "y": 0
          },
          {
            "x": "8/31/2016",
            "y": 100
          },
          {
            "x": "9/30/2016",
            "y": 221
          },
          {
            "x": "10/31/2016",
            "y": 101
          },
          {
            "x": "11/30/2016",
            "y": 125
          },
          {
            "x": "12/31/2016",
            "y": 46
          },
          {
            "x": "1/31/2017",
            "y": 63
          },
          {
            "x": "2/28/2017",
            "y": 67
          },
          {
            "x": "3/31/2017",
            "y": 118
          },
          {
            "x": "4/30/2017",
            "y": 241
          }
        ]
      },
      {
        "key": "Color",
        "color": "#ff7f0e",
        "values": [
          {
            "x": "7/15/2016",
            "y": 0
          },
          {
            "x": "8/31/2016",
            "y": 0
          },
          {
            "x": "9/30/2016",
            "y": 0
          },
          {
            "x": "10/31/2016",
            "y": 0
          },
          {
            "x": "11/30/2016",
            "y": 0
          },
          {
            "x": "12/31/2016",
            "y": 0
          },
          {
            "x": "1/31/2017",
            "y": 0
          },
          {
            "x": "2/28/2017",
            "y": 0
          },
          {
            "x": "3/31/2017",
            "y": 0
          },
          {
            "x": "4/30/2017",
            "y": 0
          }
        ]
      },
      {
        "key": "11x17",
        "color": "#008424",
        "values": [
          {
            "x": "7/15/2016",
            "y": 0
          },
          {
            "x": "8/31/2016",
            "y": 0
          },
          {
            "x": "9/30/2016",
            "y": 0
          },
          {
            "x": "10/31/2016",
            "y": 0
          },
          {
            "x": "11/30/2016",
            "y": 0
          },
          {
            "x": "12/31/2016",
            "y": 0
          },
          {
            "x": "1/31/2017",
            "y": 0
          },
          {
            "x": "2/28/2017",
            "y": 0
          },
          {
            "x": "3/31/2017",
            "y": 0
          },
          {
            "x": "4/30/2017",
            "y": 0
          }
        ]
      },
      {
        "key": "Max Volume",
        "color": "#822980",
        "values": [
          {
            "x": "7/15/2016",
            "y": 20000
          },
          {
            "x": "8/31/2016",
            "y": 20000
          },
          {
            "x": "9/30/2016",
            "y": 20000
          },
          {
            "x": "10/31/2016",
            "y": 20000
          },
          {
            "x": "11/30/2016",
            "y": 20000
          },
          {
            "x": "12/31/2016",
            "y": 20000
          },
          {
            "x": "1/31/2017",
            "y": 20000
          },
          {
            "x": "2/28/2017",
            "y": 20000
          },
          {
            "x": "3/31/2017",
            "y": 20000
          },
          {
            "x": "4/30/2017",
            "y": 20000
          }
        ]
      },
      {
        "key": "Min Volume",
        "color": "#000000",
        "values": [
          {
            "x": "7/15/2016",
            "y": 5000
          },
          {
            "x": "8/31/2016",
            "y": 5000
          },
          {
            "x": "9/30/2016",
            "y": 5000
          },
          {
            "x": "10/31/2016",
            "y": 5000
          },
          {
            "x": "11/30/2016",
            "y": 5000
          },
          {
            "x": "12/31/2016",
            "y": 5000
          },
          {
            "x": "1/31/2017",
            "y": 5000
          },
          {
            "x": "2/28/2017",
            "y": 5000
          },
          {
            "x": "3/31/2017",
            "y": 5000
          },
          {
            "x": "4/30/2017",
            "y": 5000
          }
        ]
      },
      {
        "key": "Target Volume",
        "color": "#006699",
        "values": [
          {
            "x": "7/15/2016",
            "y": 12500
          },
          {
            "x": "8/31/2016",
            "y": 12500
          },
          {
            "x": "9/30/2016",
            "y": 12500
          },
          {
            "x": "10/31/2016",
            "y": 12500
          },
          {
            "x": "11/30/2016",
            "y": 12500
          },
          {
            "x": "12/31/2016",
            "y": 12500
          },
          {
            "x": "1/31/2017",
            "y": 12500
          },
          {
            "x": "2/28/2017",
            "y": 12500
          },
          {
            "x": "3/31/2017",
            "y": 12500
          },
          {
            "x": "4/30/2017",
            "y": 12500
          }
        ]
      }
    ]
  }
]