[{"D_DeviceID":9,"D_Area":"Australia","D_Site":"AU_Eastern Creek","D_Building":"2 Alspec Place","D_Level":"Ground Level","D_Grid":"","D_Business_Unit":"","D_ModelDescription":"HP LaserJet Enterprise M606dn","D_SerialNumber":"CNDXJ2R6TW","D_Caption":"Jun-2017 Invoice/Usage Data for the Last 12 Months","D_DeviceInfo":[{"LeaseStartDate":"6/29/2016 12:00:00 AM","MonthsRemaining":47,"NumberofMonthsInvoiced":12,"MinimumMonthlyVolume":5000,"ContractTargetMonthlyVolume":12500,"MaximumMonthlyVolume":20000,"ProductCode":"E6B72A"}],"D_UsageList":[{"Duplex":10,"A3Usage":0,"CopyUsage":0,"TotalScanUsage":0,"DigitalSendUsage":0,"FaxesReceived":0,"HighestMonth":"8/31/2016 12:00:00 AM","HighestMonthCount":7638,"LowestMonth":"1/31/2017 12:00:00 AM","LowestMonthCount":4367}],"D_UsageSummary":[{"TotalColorColorPro":0,"TotalMonoColorAccent":6311,"TotalPages":6311,"TotalCountToDate":80741,"MonthlyAverage":6211,"ProjectedTotalCount":377358,"PercentofDeviceMaximumVolume":0.31555,"PercentofContractedTargetVolume":0.50488}],"D_CurrentRevenueAnalysis":[{"ActualColorClickRevenue":0.0,"ActualMonoClickRevenue":97.8205,"ActualTotalRevenue":152.8205,"TargetColorClickRevenue":0.0,"TargetMonoClickRevenue":193.75,"TargetTotalRevenue":248.75,"AverageRevenue":-95.9295}],"D_RevenueLoss":null},{"D_DeviceID":10,"D_Area":"Australia","D_Site":"AU_Eastern Creek","D_Building":"2 Alspec Place","D_Level":"Ground Level","D_Grid":"","D_Business_Unit":"","D_ModelDescription":"HP LaserJet Enterprise M606dn","D_SerialNumber":"CNDXJ2R6XD","D_Caption":"Jun-2017 Invoice/Usage Data for the Last 12 Months","D_DeviceInfo":[{"LeaseStartDate":"6/29/2016 12:00:00 AM","MonthsRemaining":47,"NumberofMonthsInvoiced":12,"MinimumMonthlyVolume":5000,"ContractTargetMonthlyVolume":12500,"MaximumMonthlyVolume":20000,"ProductCode":"E6B72A"}],"D_UsageList":[{"Duplex":507,"A3Usage":0,"CopyUsage":0,"TotalScanUsage":0,"DigitalSendUsage":0,"FaxesReceived":0,"HighestMonth":"10/31/2016 12:00:00 AM","HighestMonthCount":5820,"LowestMonth":"7/15/2016 12:00:00 AM","LowestMonthCount":89}],"D_UsageSummary":[{"TotalColorColorPro":0,"TotalMonoColorAccent":4178,"TotalPages":4178,"TotalCountToDate":50145,"MonthlyAverage":3857,"ProjectedTotalCount":246511,"PercentofDeviceMaximumVolume":0.2089,"PercentofContractedTargetVolume":0.33424}],"D_CurrentRevenueAnalysis":[{"ActualColorClickRevenue":0.0,"ActualMonoClickRevenue":64.759,"ActualTotalRevenue":119.759,"TargetColorClickRevenue":0.0,"TargetMonoClickRevenue":193.75,"TargetTotalRevenue":248.75,"AverageRevenue":-128.991}],"D_RevenueLoss":null},{"D_DeviceID":11,"D_Area":"Australia","D_Site":"AU_Eastern Creek","D_Building":"2 Alspec Place","D_Level":"Ground Level","D_Grid":"","D_Business_Unit":"","D_ModelDescription":"HP LaserJet Enterprise M606dn","D_SerialNumber":"CNDXJ6J4G2","D_Caption":"Jun-2017 Invoice/Usage Data for the Last 12 Months","D_DeviceInfo":[{"LeaseStartDate":"7/21/2016 12:00:00 AM","MonthsRemaining":48,"NumberofMonthsInvoiced":11,"MinimumMonthlyVolume":5000,"ContractTargetMonthlyVolume":12500,"MaximumMonthlyVolume":20000,"ProductCode":"E6B72A"}],"D_UsageList":[{"Duplex":1,"A3Usage":0,"CopyUsage":0,"TotalScanUsage":0,"DigitalSendUsage":0,"FaxesReceived":0,"HighestMonth":"11/30/2016 12:00:00 AM","HighestMonthCount":504,"LowestMonth":"9/30/2016 12:00:00 AM","LowestMonthCount":3}],"D_UsageSummary":[{"TotalColorColorPro":0,"TotalMonoColorAccent":150,"TotalPages":150,"TotalCountToDate":1664,"MonthlyAverage":139,"ProjectedTotalCount":8864,"PercentofDeviceMaximumVolume":0.0075,"PercentofContractedTargetVolume":0.012}],"D_CurrentRevenueAnalysis":[{"ActualColorClickRevenue":0.0,"ActualMonoClickRevenue":2.325,"ActualTotalRevenue":57.325,"TargetColorClickRevenue":0.0,"TargetMonoClickRevenue":193.75,"TargetTotalRevenue":248.75,"AverageRevenue":-191.425}],"D_RevenueLoss":null},{"D_DeviceID":12,"D_Area":"Australia","D_Site":"AU_Eastern Creek","D_Building":"2 Alspec Place","D_Level":"Ground Level","D_Grid":"","D_Business_Unit":"","D_ModelDescription":"HP LaserJet Enterprise M606dn","D_SerialNumber":"CNDXJ6J4GC","D_Caption":"Jun-2017 Invoice/Usage Data for the Last 12 Months","D_DeviceInfo":[{"LeaseStartDate":"7/21/2016 12:00:00 AM","MonthsRemaining":48,"NumberofMonthsInvoiced":11,"MinimumMonthlyVolume":5000,"ContractTargetMonthlyVolume":12500,"MaximumMonthlyVolume":20000,"ProductCode":"E6B72A"}],"D_UsageList":[{"Duplex":113,"A3Usage":0,"CopyUsage":0,"TotalScanUsage":0,"DigitalSendUsage":0,"FaxesReceived":0,"HighestMonth":"9/30/2016 12:00:00 AM","HighestMonthCount":3378,"LowestMonth":"8/31/2016 12:00:00 AM","LowestMonthCount":1895}],"D_UsageSummary":[{"TotalColorColorPro":0,"TotalMonoColorAccent":2560,"TotalPages":2560,"TotalCountToDate":28166,"MonthlyAverage":2347,"ProjectedTotalCount":151046,"PercentofDeviceMaximumVolume":0.128,"PercentofContractedTargetVolume":0.2048}],"D_CurrentRevenueAnalysis":[{"ActualColorClickRevenue":0.0,"ActualMonoClickRevenue":39.68,"ActualTotalRevenue":94.68,"TargetColorClickRevenue":0.0,"TargetMonoClickRevenue":193.75,"TargetTotalRevenue":248.75,"AverageRevenue":-154.07}],"D_RevenueLoss":null},{"D_DeviceID":13,"D_Area":"Australia","D_Site":"AU_Eastern Creek","D_Building":"2 Alspec Place","D_Level":"Ground Level","D_Grid":"","D_Business_Unit":"","D_ModelDescription":"HP LaserJet Enterprise M606dn","D_SerialNumber":"CNDXJ6J4GL","D_Caption":"Jun-2017 Invoice/Usage Data for the Last 12 Months","D_DeviceInfo":[{"LeaseStartDate":"7/21/2016 12:00:00 AM","MonthsRemaining":48,"NumberofMonthsInvoiced":11,"MinimumMonthlyVolume":5000,"ContractTargetMonthlyVolume":12500,"MaximumMonthlyVolume":20000,"ProductCode":"E6B72A"}],"D_UsageList":[{"Duplex":1902,"A3Usage":0,"CopyUsage":0,"TotalScanUsage":0,"DigitalSendUsage":0,"FaxesReceived":0,"HighestMonth":"3/31/2017 12:00:00 AM","HighestMonthCount":11346,"LowestMonth":"8/31/2016 12:00:00 AM","LowestMonthCount":3807}],"D_UsageSummary":[{"TotalColorColorPro":0,"TotalMonoColorAccent":8866,"TotalPages":8866,"TotalCountToDate":97529,"MonthlyAverage":8127,"ProjectedTotalCount":523097,"PercentofDeviceMaximumVolume":0.4433,"PercentofContractedTargetVolume":0.70928}],"D_CurrentRevenueAnalysis":[{"ActualColorClickRevenue":0.0,"ActualMonoClickRevenue":137.423,"ActualTotalRevenue":192.423,"TargetColorClickRevenue":0.0,"TargetMonoClickRevenue":193.75,"TargetTotalRevenue":248.75,"AverageRevenue":-56.327}],"D_RevenueLoss":null},{"D_DeviceID":18,"D_Area":"Australia","D_Site":"AU_Macquarie Park","D_Building":"Building 2","D_Level":"Level 3 - East","D_Grid":"","D_Business_Unit":"","D_ModelDescription":"HP LaserJet Enterprise 500 MFP M525f","D_SerialNumber":"CNDXFBR8J4","D_Caption":"Jun-2017 Invoice/Usage Data for the Last 12 Months","D_DeviceInfo":[{"LeaseStartDate":"4/10/2014 12:00:00 AM","MonthsRemaining":21,"NumberofMonthsInvoiced":12,"MinimumMonthlyVolume":2000,"ContractTargetMonthlyVolume":4000,"MaximumMonthlyVolume":6000,"ProductCode":"CF117A"}],"D_UsageList":[{"Duplex":29,"A3Usage":0,"CopyUsage":0,"TotalScanUsage":4,"DigitalSendUsage":0,"FaxesReceived":0,"HighestMonth":"9/30/2016 12:00:00 AM","HighestMonthCount":778,"LowestMonth":"7/15/2016 12:00:00 AM","LowestMonthCount":7}],"D_UsageSummary":[{"TotalColorColorPro":0,"TotalMonoColorAccent":68,"TotalPages":68,"TotalCountToDate":16080,"MonthlyAverage":412,"ProjectedTotalCount":17508,"PercentofDeviceMaximumVolume":0.0113333333333333,"PercentofContractedTargetVolume":0.017}],"D_CurrentRevenueAnalysis":[{"ActualColorClickRevenue":0.0,"ActualMonoClickRevenue":0.8636,"ActualTotalRevenue":234.0536,"TargetColorClickRevenue":0.0,"TargetMonoClickRevenue":50.8,"TargetTotalRevenue":283.99,"AverageRevenue":-49.9364}],"D_RevenueLoss":null},{"D_DeviceID":30,"D_Area":"Australia","D_Site":"AU_North Ryde","D_Building":"Building B","D_Level":"Unit 6C","D_Grid":"","D_Business_Unit":"","D_ModelDescription":"HP Color LaserJet Enterprise flow MFP M880z","D_SerialNumber":"CNCXG3Z650","D_Caption":"Jun-2017 Invoice/Usage Data for the Last 12 Months","D_DeviceInfo":[{"LeaseStartDate":"7/15/2014 12:00:00 AM","MonthsRemaining":24,"NumberofMonthsInvoiced":12,"MinimumMonthlyVolume":5000,"ContractTargetMonthlyVolume":15000,"MaximumMonthlyVolume":25000,"ProductCode":"A2W75A"}],"D_UsageList":[{"Duplex":182,"A3Usage":2,"CopyUsage":78,"TotalScanUsage":746,"DigitalSendUsage":704,"FaxesReceived":0,"HighestMonth":"7/15/2016 12:00:00 AM","HighestMonthCount":2485,"LowestMonth":"6/30/2017 12:00:00 AM","LowestMonthCount":874}],"D_UsageSummary":[{"TotalColorColorPro":455,"TotalMonoColorAccent":806,"TotalPages":1261,"TotalCountToDate":197809,"MonthlyAverage":5495,"ProjectedTotalCount":228073,"PercentofDeviceMaximumVolume":0.05044,"PercentofContractedTargetVolume":0.0840666666666667}],"D_CurrentRevenueAnalysis":[{"ActualColorClickRevenue":37.4465,"ActualMonoClickRevenue":11.284,"ActualTotalRevenue":708.0405,"TargetColorClickRevenue":308.625,"TargetMonoClickRevenue":157.5,"TargetTotalRevenue":1125.435,"AverageRevenue":-417.3945}],"D_RevenueLoss":null},{"D_DeviceID":31,"D_Area":"Australia","D_Site":"AU_North Ryde","D_Building":"Building B","D_Level":"Unit 6C","D_Grid":"","D_Business_Unit":"","D_ModelDescription":"HP LaserJet Enterprise M606dn","D_SerialNumber":"CNDXJ86131","D_Caption":"Jun-2017 Invoice/Usage Data for the Last 12 Months","D_DeviceInfo":[{"LeaseStartDate":"10/31/2016 12:00:00 AM","MonthsRemaining":51,"NumberofMonthsInvoiced":8,"MinimumMonthlyVolume":5000,"ContractTargetMonthlyVolume":12500,"MaximumMonthlyVolume":20000,"ProductCode":"E6B72A"}],"D_UsageList":[{"Duplex":2,"A3Usage":0,"CopyUsage":0,"TotalScanUsage":0,"DigitalSendUsage":0,"FaxesReceived":0,"HighestMonth":"6/30/2017 12:00:00 AM","HighestMonthCount":201,"LowestMonth":"11/30/2016 12:00:00 AM","LowestMonthCount":76}],"D_UsageSummary":[{"TotalColorColorPro":0,"TotalMonoColorAccent":142,"TotalPages":142,"TotalCountToDate":1185,"MonthlyAverage":132,"ProjectedTotalCount":8427,"PercentofDeviceMaximumVolume":0.0071,"PercentofContractedTargetVolume":0.01136}],"D_CurrentRevenueAnalysis":[{"ActualColorClickRevenue":0.0,"ActualMonoClickRevenue":2.201,"ActualTotalRevenue":57.201,"TargetColorClickRevenue":0.0,"TargetMonoClickRevenue":193.75,"TargetTotalRevenue":248.75,"AverageRevenue":-191.549}],"D_RevenueLoss":null},{"D_DeviceID":113,"D_Area":"None Available","D_Site":"None Available","D_Building":"","D_Level":"","D_Grid":"","D_Business_Unit":"","D_ModelDescription":"HP Colour MFP S970dn Printer","D_SerialNumber":"4100000000","D_Caption":"Jun-2017 Invoice/Usage Data for the Last 12 Months","D_DeviceInfo":[{"LeaseStartDate":"","MonthsRemaining":51,"NumberofMonthsInvoiced":1,"MinimumMonthlyVolume":8500,"ContractTargetMonthlyVolume":10750,"MaximumMonthlyVolume":13000,"ProductCode":"F1J62A"}],"D_UsageList":[{"Duplex":0,"A3Usage":0,"CopyUsage":0,"TotalScanUsage":0,"DigitalSendUsage":0,"FaxesReceived":0,"HighestMonth":"","HighestMonthCount":0,"LowestMonth":"","LowestMonthCount":0}],"D_UsageSummary":[{"TotalColorColorPro":0,"TotalMonoColorAccent":0,"TotalPages":0,"TotalCountToDate":0,"MonthlyAverage":132,"ProjectedTotalCount":8427,"PercentofDeviceMaximumVolume":0.0,"PercentofContractedTargetVolume":0.0}],"D_CurrentRevenueAnalysis":[{"ActualColorClickRevenue":0.0,"ActualMonoClickRevenue":0.0,"ActualTotalRevenue":780.0,"TargetColorClickRevenue":0.0,"TargetMonoClickRevenue":112.875,"TargetTotalRevenue":892.875,"AverageRevenue":-112.875}],"D_RevenueLoss":null},{"D_DeviceID":114,"D_Area":"None Available","D_Site":"None Available","D_Building":"","D_Level":"","D_Grid":"","D_Business_Unit":"","D_ModelDescription":"HP Colour MFP S970dn Printer","D_SerialNumber":"4100000000","D_Caption":"Jun-2017 Invoice/Usage Data for the Last 12 Months","D_DeviceInfo":[{"LeaseStartDate":"","MonthsRemaining":51,"NumberofMonthsInvoiced":1,"MinimumMonthlyVolume":8500,"ContractTargetMonthlyVolume":10750,"MaximumMonthlyVolume":13000,"ProductCode":"F1J62A"}],"D_UsageList":[{"Duplex":0,"A3Usage":0,"CopyUsage":0,"TotalScanUsage":0,"DigitalSendUsage":0,"FaxesReceived":0,"HighestMonth":"","HighestMonthCount":0,"LowestMonth":"","LowestMonthCount":0}],"D_UsageSummary":[{"TotalColorColorPro":0,"TotalMonoColorAccent":0,"TotalPages":0,"TotalCountToDate":0,"MonthlyAverage":132,"ProjectedTotalCount":8427,"PercentofDeviceMaximumVolume":0.0,"PercentofContractedTargetVolume":0.0}],"D_CurrentRevenueAnalysis":[{"ActualColorClickRevenue":0.0,"ActualMonoClickRevenue":0.0,"ActualTotalRevenue":780.0,"TargetColorClickRevenue":0.0,"TargetMonoClickRevenue":112.875,"TargetTotalRevenue":892.875,"AverageRevenue":-112.875}],"D_RevenueLoss":null},{"D_DeviceID":115,"D_Area":"None Available","D_Site":"None Available","D_Building":"","D_Level":"","D_Grid":"","D_Business_Unit":"","D_ModelDescription":"HP Colour MFP S970dn Printer","D_SerialNumber":"4100000000","D_Caption":"Jun-2017 Invoice/Usage Data for the Last 12 Months","D_DeviceInfo":[{"LeaseStartDate":"","MonthsRemaining":51,"NumberofMonthsInvoiced":1,"MinimumMonthlyVolume":8500,"ContractTargetMonthlyVolume":10750,"MaximumMonthlyVolume":13000,"ProductCode":"F1J62A"}],"D_UsageList":[{"Duplex":0,"A3Usage":0,"CopyUsage":0,"TotalScanUsage":0,"DigitalSendUsage":0,"FaxesReceived":0,"HighestMonth":"","HighestMonthCount":0,"LowestMonth":"","LowestMonthCount":0}],"D_UsageSummary":[{"TotalColorColorPro":0,"TotalMonoColorAccent":0,"TotalPages":0,"TotalCountToDate":0,"MonthlyAverage":132,"ProjectedTotalCount":8427,"PercentofDeviceMaximumVolume":0.0,"PercentofContractedTargetVolume":0.0}],"D_CurrentRevenueAnalysis":[{"ActualColorClickRevenue":0.0,"ActualMonoClickRevenue":0.0,"ActualTotalRevenue":780.0,"TargetColorClickRevenue":0.0,"TargetMonoClickRevenue":112.875,"TargetTotalRevenue":892.875,"AverageRevenue":-112.875}],"D_RevenueLoss":null},{"D_DeviceID":116,"D_Area":"None Available","D_Site":"None Available","D_Building":"","D_Level":"","D_Grid":"","D_Business_Unit":"","D_ModelDescription":"HP Colour MFP S970dn Printer","D_SerialNumber":"4100000000","D_Caption":"Jun-2017 Invoice/Usage Data for the Last 12 Months","D_DeviceInfo":[{"LeaseStartDate":"","MonthsRemaining":51,"NumberofMonthsInvoiced":1,"MinimumMonthlyVolume":8500,"ContractTargetMonthlyVolume":10750,"MaximumMonthlyVolume":13000,"ProductCode":"F1J62A"}],"D_UsageList":[{"Duplex":0,"A3Usage":0,"CopyUsage":0,"TotalScanUsage":0,"DigitalSendUsage":0,"FaxesReceived":0,"HighestMonth":"","HighestMonthCount":0,"LowestMonth":"","LowestMonthCount":0}],"D_UsageSummary":[{"TotalColorColorPro":0,"TotalMonoColorAccent":0,"TotalPages":0,"TotalCountToDate":0,"MonthlyAverage":132,"ProjectedTotalCount":8427,"PercentofDeviceMaximumVolume":0.0,"PercentofContractedTargetVolume":0.0}],"D_CurrentRevenueAnalysis":[{"ActualColorClickRevenue":0.0,"ActualMonoClickRevenue":0.0,"ActualTotalRevenue":780.0,"TargetColorClickRevenue":0.0,"TargetMonoClickRevenue":112.875,"TargetTotalRevenue":892.875,"AverageRevenue":-112.875}],"D_RevenueLoss":null},{"D_DeviceID":117,"D_Area":"None Available","D_Site":"None Available","D_Building":"","D_Level":"","D_Grid":"","D_Business_Unit":"","D_ModelDescription":"HP Colour MFP S970dn Printer","D_SerialNumber":"4100000000","D_Caption":"Jun-2017 Invoice/Usage Data for the Last 12 Months","D_DeviceInfo":[{"LeaseStartDate":"","MonthsRemaining":51,"NumberofMonthsInvoiced":1,"MinimumMonthlyVolume":8500,"ContractTargetMonthlyVolume":10750,"MaximumMonthlyVolume":13000,"ProductCode":"F1J62A"}],"D_UsageList":[{"Duplex":0,"A3Usage":0,"CopyUsage":0,"TotalScanUsage":0,"DigitalSendUsage":0,"FaxesReceived":0,"HighestMonth":"","HighestMonthCount":0,"LowestMonth":"","LowestMonthCount":0}],"D_UsageSummary":[{"TotalColorColorPro":0,"TotalMonoColorAccent":0,"TotalPages":0,"TotalCountToDate":0,"MonthlyAverage":132,"ProjectedTotalCount":8427,"PercentofDeviceMaximumVolume":0.0,"PercentofContractedTargetVolume":0.0}],"D_CurrentRevenueAnalysis":[{"ActualColorClickRevenue":0.0,"ActualMonoClickRevenue":0.0,"ActualTotalRevenue":780.0,"TargetColorClickRevenue":0.0,"TargetMonoClickRevenue":112.875,"TargetTotalRevenue":892.875,"AverageRevenue":-112.875}],"D_RevenueLoss":null},{"D_DeviceID":118,"D_Area":"None Available","D_Site":"None Available","D_Building":"","D_Level":"","D_Grid":"","D_Business_Unit":"","D_ModelDescription":"HP Colour MFP S970dn Printer","D_SerialNumber":"4100000000","D_Caption":"Jun-2017 Invoice/Usage Data for the Last 12 Months","D_DeviceInfo":[{"LeaseStartDate":"","MonthsRemaining":51,"NumberofMonthsInvoiced":1,"MinimumMonthlyVolume":8500,"ContractTargetMonthlyVolume":10750,"MaximumMonthlyVolume":13000,"ProductCode":"F1J62A"}],"D_UsageList":[{"Duplex":0,"A3Usage":0,"CopyUsage":0,"TotalScanUsage":0,"DigitalSendUsage":0,"FaxesReceived":0,"HighestMonth":"","HighestMonthCount":0,"LowestMonth":"","LowestMonthCount":0}],"D_UsageSummary":[{"TotalColorColorPro":0,"TotalMonoColorAccent":0,"TotalPages":0,"TotalCountToDate":0,"MonthlyAverage":132,"ProjectedTotalCount":8427,"PercentofDeviceMaximumVolume":0.0,"PercentofContractedTargetVolume":0.0}],"D_CurrentRevenueAnalysis":[{"ActualColorClickRevenue":0.0,"ActualMonoClickRevenue":0.0,"ActualTotalRevenue":780.0,"TargetColorClickRevenue":0.0,"TargetMonoClickRevenue":112.875,"TargetTotalRevenue":892.875,"AverageRevenue":-112.875}],"D_RevenueLoss":null},{"D_DeviceID":119,"D_Area":"None Available","D_Site":"None Available","D_Building":"","D_Level":"","D_Grid":"","D_Business_Unit":"","D_ModelDescription":"HP Colour MFP S970dn Printer","D_SerialNumber":"4100000000","D_Caption":"Jun-2017 Invoice/Usage Data for the Last 12 Months","D_DeviceInfo":[{"LeaseStartDate":"","MonthsRemaining":51,"NumberofMonthsInvoiced":1,"MinimumMonthlyVolume":8500,"ContractTargetMonthlyVolume":10750,"MaximumMonthlyVolume":13000,"ProductCode":"F1J62A"}],"D_UsageList":[{"Duplex":0,"A3Usage":0,"CopyUsage":0,"TotalScanUsage":0,"DigitalSendUsage":0,"FaxesReceived":0,"HighestMonth":"","HighestMonthCount":0,"LowestMonth":"","LowestMonthCount":0}],"D_UsageSummary":[{"TotalColorColorPro":0,"TotalMonoColorAccent":0,"TotalPages":0,"TotalCountToDate":0,"MonthlyAverage":132,"ProjectedTotalCount":8427,"PercentofDeviceMaximumVolume":0.0,"PercentofContractedTargetVolume":0.0}],"D_CurrentRevenueAnalysis":[{"ActualColorClickRevenue":0.0,"ActualMonoClickRevenue":0.0,"ActualTotalRevenue":780.0,"TargetColorClickRevenue":0.0,"TargetMonoClickRevenue":112.875,"TargetTotalRevenue":892.875,"AverageRevenue":-112.875}],"D_RevenueLoss":null},{"D_DeviceID":164,"D_Area":"None Available","D_Site":"None Available","D_Building":"","D_Level":"","D_Grid":"","D_Business_Unit":"","D_ModelDescription":"HP Colour MFP S970dn Printer","D_SerialNumber":"5100000000","D_Caption":"Jun-2017 Invoice/Usage Data for the Last 12 Months","D_DeviceInfo":[{"LeaseStartDate":"","MonthsRemaining":51,"NumberofMonthsInvoiced":1,"MinimumMonthlyVolume":8500,"ContractTargetMonthlyVolume":10750,"MaximumMonthlyVolume":13000,"ProductCode":"F1J62A"}],"D_UsageList":[{"Duplex":0,"A3Usage":0,"CopyUsage":0,"TotalScanUsage":0,"DigitalSendUsage":0,"FaxesReceived":0,"HighestMonth":"","HighestMonthCount":0,"LowestMonth":"","LowestMonthCount":0}],"D_UsageSummary":[{"TotalColorColorPro":0,"TotalMonoColorAccent":0,"TotalPages":0,"TotalCountToDate":0,"MonthlyAverage":132,"ProjectedTotalCount":8427,"PercentofDeviceMaximumVolume":0.0,"PercentofContractedTargetVolume":0.0}],"D_CurrentRevenueAnalysis":[{"ActualColorClickRevenue":0.0,"ActualMonoClickRevenue":0.0,"ActualTotalRevenue":780.0,"TargetColorClickRevenue":0.0,"TargetMonoClickRevenue":112.875,"TargetTotalRevenue":892.875,"AverageRevenue":-112.875}],"D_RevenueLoss":null},{"D_DeviceID":165,"D_Area":"None Available","D_Site":"None Available","D_Building":"","D_Level":"","D_Grid":"","D_Business_Unit":"","D_ModelDescription":"HP Colour MFP S970dn Printer","D_SerialNumber":"5100000000","D_Caption":"Jun-2017 Invoice/Usage Data for the Last 12 Months","D_DeviceInfo":[{"LeaseStartDate":"","MonthsRemaining":51,"NumberofMonthsInvoiced":1,"MinimumMonthlyVolume":8500,"ContractTargetMonthlyVolume":10750,"MaximumMonthlyVolume":13000,"ProductCode":"F1J62A"}],"D_UsageList":[{"Duplex":0,"A3Usage":0,"CopyUsage":0,"TotalScanUsage":0,"DigitalSendUsage":0,"FaxesReceived":0,"HighestMonth":"","HighestMonthCount":0,"LowestMonth":"","LowestMonthCount":0}],"D_UsageSummary":[{"TotalColorColorPro":0,"TotalMonoColorAccent":0,"TotalPages":0,"TotalCountToDate":0,"MonthlyAverage":132,"ProjectedTotalCount":8427,"PercentofDeviceMaximumVolume":0.0,"PercentofContractedTargetVolume":0.0}],"D_CurrentRevenueAnalysis":[{"ActualColorClickRevenue":0.0,"ActualMonoClickRevenue":0.0,"ActualTotalRevenue":780.0,"TargetColorClickRevenue":0.0,"TargetMonoClickRevenue":112.875,"TargetTotalRevenue":892.875,"AverageRevenue":-112.875}],"D_RevenueLoss":null},{"D_DeviceID":166,"D_Area":"None Available","D_Site":"None Available","D_Building":"","D_Level":"","D_Grid":"","D_Business_Unit":"","D_ModelDescription":"HP Colour MFP S970dn Printer","D_SerialNumber":"5100000000","D_Caption":"Jun-2017 Invoice/Usage Data for the Last 12 Months","D_DeviceInfo":[{"LeaseStartDate":"","MonthsRemaining":51,"NumberofMonthsInvoiced":1,"MinimumMonthlyVolume":8500,"ContractTargetMonthlyVolume":10750,"MaximumMonthlyVolume":13000,"ProductCode":"F1J62A"}],"D_UsageList":[{"Duplex":0,"A3Usage":0,"CopyUsage":0,"TotalScanUsage":0,"DigitalSendUsage":0,"FaxesReceived":0,"HighestMonth":"","HighestMonthCount":0,"LowestMonth":"","LowestMonthCount":0}],"D_UsageSummary":[{"TotalColorColorPro":0,"TotalMonoColorAccent":0,"TotalPages":0,"TotalCountToDate":0,"MonthlyAverage":132,"ProjectedTotalCount":8427,"PercentofDeviceMaximumVolume":0.0,"PercentofContractedTargetVolume":0.0}],"D_CurrentRevenueAnalysis":[{"ActualColorClickRevenue":0.0,"ActualMonoClickRevenue":0.0,"ActualTotalRevenue":780.0,"TargetColorClickRevenue":0.0,"TargetMonoClickRevenue":112.875,"TargetTotalRevenue":892.875,"AverageRevenue":-112.875}],"D_RevenueLoss":null},{"D_DeviceID":167,"D_Area":"None Available","D_Site":"None Available","D_Building":"","D_Level":"","D_Grid":"","D_Business_Unit":"","D_ModelDescription":"HP Colour MFP S970dn Printer","D_SerialNumber":"5100000000","D_Caption":"Jun-2017 Invoice/Usage Data for the Last 12 Months","D_DeviceInfo":[{"LeaseStartDate":"","MonthsRemaining":51,"NumberofMonthsInvoiced":1,"MinimumMonthlyVolume":8500,"ContractTargetMonthlyVolume":10750,"MaximumMonthlyVolume":13000,"ProductCode":"F1J62A"}],"D_UsageList":[{"Duplex":0,"A3Usage":0,"CopyUsage":0,"TotalScanUsage":0,"DigitalSendUsage":0,"FaxesReceived":0,"HighestMonth":"","HighestMonthCount":0,"LowestMonth":"","LowestMonthCount":0}],"D_UsageSummary":[{"TotalColorColorPro":0,"TotalMonoColorAccent":0,"TotalPages":0,"TotalCountToDate":0,"MonthlyAverage":132,"ProjectedTotalCount":8427,"PercentofDeviceMaximumVolume":0.0,"PercentofContractedTargetVolume":0.0}],"D_CurrentRevenueAnalysis":[{"ActualColorClickRevenue":0.0,"ActualMonoClickRevenue":0.0,"ActualTotalRevenue":780.0,"TargetColorClickRevenue":0.0,"TargetMonoClickRevenue":112.875,"TargetTotalRevenue":892.875,"AverageRevenue":-112.875}],"D_RevenueLoss":null},{"D_DeviceID":0,"D_Area":"","D_Site":"","D_Building":"","D_Level":"","D_Grid":"","D_Business_Unit":"","D_ModelDescription":"","D_SerialNumber":"","D_Caption":"Jun-2017 Invoice/Usage Data for the Last 12 Months","D_DeviceInfo":[{"LeaseStartDate":"","MonthsRemaining":0,"NumberofMonthsInvoiced":0,"MinimumMonthlyVolume":0,"ContractTargetMonthlyVolume":0,"MaximumMonthlyVolume":0,"ProductCode":""}],"D_UsageList":[{"Duplex":0,"A3Usage":0,"CopyUsage":0,"TotalScanUsage":0,"DigitalSendUsage":0,"FaxesReceived":0,"HighestMonth":"","HighestMonthCount":0,"LowestMonth":"","LowestMonthCount":0}],"D_UsageSummary":[{"TotalColorColorPro":0,"TotalMonoColorAccent":0,"TotalPages":0,"TotalCountToDate":0,"MonthlyAverage":0,"ProjectedTotalCount":0,"PercentofDeviceMaximumVolume":0.110888103651355,"PercentofContractedTargetVolume":0.0800544217687075}],"D_CurrentRevenueAnalysis":[{"ActualColorClickRevenue":0.0,"ActualMonoClickRevenue":0.0,"ActualTotalRevenue":0.0,"TargetColorClickRevenue":0.0,"TargetMonoClickRevenue":0.0,"TargetTotalRevenue":0.0,"AverageRevenue":-2527.2474}],"D_RevenueLoss":null}]